location_type,industry_sector,age,experience_years,average_daily_work_hours,break_frequency_per_day,task_completion_rate,late_task_ratio,calendar_scheduled_usage,focus_time_minutes,tool_usage_frequency,automated_task_count,AI_assisted_planning,real_time_feedback_score,productivity_label,productivity_score
Village,Healthcare,23,26,7.45,1,66.37702373,0.254623693,55.49692579,106,19,13,0,80,Low,32.31
City,Healthcare,27,27,9.82,3,88.22650112,0.173382437,66.49675538,141,5,1,1,83,Medium,41.09
Village,Retail,30,8,7.38,2,67.00417024,0.351835126,41.36706447,92,4,4,0,81,Low,25.69
Village,Finance,54,19,8.37,1,66.00442404,0.347839601,51.08680471,94,17,9,1,84,Low,31.98
City,Education,46,1,7.51,4,91.46894164,0.085582291,93.61834425,202,14,8,0,64,High,48.19
City,Finance,34,29,7.98,5,78.68862824,0.10567302,62.33799035,160,5,11,0,81,Medium,36.08
Village,Finance,30,14,7.85,5,96.70540507,0.031835202,87.62459906,210,18,2,0,55,High,49.91
Town,Healthcare,34,20,6.99,3,70.07243955,0.3781853,37.45161669,94,0,7,0,94,Low,24.77
Village,Finance,52,13,8.81,1,78.34912499,0.162282064,71.68673446,137,0,3,1,70,Medium,38.28
Village,IT,32,8,8.36,4,81.04111368,0.134487756,69.80297169,121,12,5,1,82,Medium,41.38
Village,Healthcare,25,20,8.73,1,99.40537301,0.090594397,91.3361221,211,2,9,1,81,High,49.67
Village,IT,55,33,7.88,5,73.3453205,0.331147935,50.74274539,113,9,5,1,68,Low,32.69
City,Education,59,26,6.41,1,81.32294594,0.228509492,77.93780093,163,2,2,0,82,Medium,38.17
Village,Healthcare,25,21,9.55,4,82.84972274,0.114258481,63.80891191,169,8,13,0,77,Medium,38.14
Town,Education,59,9,7.18,3,71.39062016,0.255364936,45.31857162,106,7,4,1,80,Low,31.37
City,Healthcare,40,24,7.94,2,81.3792515,0.190854886,73.14541426,136,2,11,1,70,Medium,39.59
Town,Retail,27,17,8.26,1,66.59517221,0.31167234,36.86046983,72,12,2,0,83,Low,26.66
Town,Finance,55,24,7.93,2,90.67240634,0.046468947,96.41471682,230,5,10,0,64,High,47.12
Town,Retail,39,21,8.6,5,72.12998364,0.25499848,56.47083418,100,12,14,1,63,Low,34.82
Town,Education,34,13,8.79,3,79.24507365,0.204698571,75.01493817,159,19,10,1,68,Medium,42.6
City,Finance,44,11,7.23,3,82.17220505,0.120286179,70.84883986,174,19,14,1,92,Medium,43.49
City,Healthcare,40,19,9.45,1,63.23888198,0.270455666,35.70396819,117,11,0,0,64,Low,25.66
Town,Finance,32,11,7.18,3,79.05832951,0.102177264,70.92194172,176,12,6,1,55,Medium,41.35
Town,IT,22,13,7.9,1,79.4292557,0.245971707,63.68062396,137,1,3,1,58,Medium,36.36
City,Finance,45,1,7.03,1,88.78218735,0.144663123,71.39438385,162,15,13,1,86,Medium,44.53
City,IT,28,19,6.69,2,85.48820952,0.149316143,71.60634159,134,5,6,1,69,Medium,41.53
City,Finance,46,12,8.75,3,82.61033805,0.198066688,67.35395023,123,18,2,1,83,Medium,41.92
Village,IT,42,8,11.25,1,80.44085207,0.162398441,74.18674833,145,12,11,0,87,Medium,39.81
Village,Education,36,8,7.07,2,82.69471222,0.233172646,61.98855204,173,16,14,1,75,Medium,40.15
Village,Retail,22,12,8.96,4,70.24622554,0.307568688,57.40404485,96,8,14,0,67,Low,31.12
Town,Healthcare,33,33,7.11,2,80.60217382,0.122574325,69.56783141,174,16,10,1,77,Medium,42.14
Village,Finance,28,26,7.49,2,61.0528284,0.356167597,44.00734381,98,1,4,1,58,Low,25.8
Town,Retail,36,28,9.61,1,69.8848136,0.323568161,37.4731738,111,18,4,1,81,Low,30.87
Town,Healthcare,42,5,6.21,5,80.71147643,0.148683116,74.85205486,142,18,14,0,55,Medium,41.36
Village,Healthcare,40,8,5.89,5,71.24386325,0.256621834,58.77067342,83,6,12,0,63,Low,31.8
Town,IT,50,25,7.4,5,79.09224265,0.221663087,61.66393589,135,9,1,0,77,Medium,35.7
Village,Education,46,27,8.3,2,87.32910808,0.161936678,70.21238132,120,9,10,1,73,Medium,42.47
Village,Education,54,23,8.06,1,69.51616114,0.341354342,52.30042566,85,19,9,1,62,Low,33.74
City,Retail,53,30,7.93,3,91.21264893,0.011376196,88.21921216,212,8,11,0,92,High,46.58
Village,Education,56,23,7.54,2,81.10742228,0.245792627,60.71349408,174,16,1,0,61,Medium,37.29
City,Finance,59,20,8.44,2,99.40397034,0.026066638,97.06692995,206,14,3,1,68,High,53.86
Village,Education,47,18,4,1,96.28544031,0.009504024,81.89907295,215,1,14,0,70,High,45.46
Village,Retail,32,18,6.6,4,70.76950783,0.339508449,39.77885902,65,3,3,1,76,Low,28.42
City,Education,56,2,7.39,2,94.45106664,0.011313594,87.02757934,185,18,3,0,68,High,49.3
City,Finance,29,4,8.35,4,87.44379516,0.107248661,70.70186103,173,16,5,0,73,Medium,42.57
Village,IT,35,30,9.29,4,72.61762891,0.274588039,41.06085549,103,4,1,0,75,Low,28.09
Town,Retail,31,33,6.44,5,99.68816441,0.099189286,95.79523547,198,6,5,1,94,High,51.36
City,IT,23,18,9.25,1,92.78871926,0.095021121,81.26525344,194,17,6,1,77,High,48.62
Town,IT,30,19,6.96,4,69.70616456,0.367708512,53.96715592,75,6,10,0,95,Low,29.26
Town,IT,24,28,7.34,1,96.69348351,0.083157393,83.00621245,237,16,9,1,67,High,50.08
Town,Healthcare,42,20,8.2,5,85.68630661,0.187968927,64.96365752,158,6,2,1,93,Medium,40.08
City,Healthcare,47,33,7.26,1,66.55845732,0.339745911,30.8981475,88,3,10,1,85,Low,25.39
Town,IT,29,12,8.83,2,96.88330762,0.060413063,98.71631248,216,7,11,1,91,High,51.69
City,Retail,23,15,7.01,4,99.82652411,0.063704755,83.23275388,238,12,7,0,78,High,48.46
Town,Finance,27,2,7.03,1,75.50249852,0.237228671,66.68831507,128,3,1,1,66,Medium,36.27
Village,Finance,49,29,8.76,3,85.60456671,0.209755791,73.47443337,124,5,10,1,53,Medium,41.33
Village,Education,50,10,6.58,1,62.95409368,0.35324395,36.37195975,79,4,7,0,93,Low,23.46
City,Retail,47,2,7.8,4,66.75934131,0.29846066,54.3301618,113,11,12,1,94,Low,32.16
Village,Healthcare,46,11,5.51,5,96.5976364,0.013698222,93.73732987,200,3,10,1,78,High,50.27
Village,IT,33,13,9.68,5,78.83616493,0.147226173,62.21927805,153,8,4,1,53,Medium,38.29
Town,Education,26,10,8.95,4,83.78355177,0.138932565,65.55542945,169,3,1,0,59,Medium,37.53
City,Finance,55,14,10.8,2,91.04480317,0.072026792,93.74566009,208,18,6,0,74,High,49.03
Town,Healthcare,58,18,9.11,2,88.87479112,0.115292882,67.68825554,171,13,13,1,80,Medium,43.72
Town,Healthcare,36,9,6.14,5,85.59154017,0.138604819,73.1766869,146,4,1,1,52,Medium,41.79
Town,IT,57,28,8.3,5,75.79076794,0.200928256,76.01770199,155,17,13,0,96,Medium,39.4
Town,Finance,36,3,6.4,4,63.09732948,0.351561057,52.394968,61,9,5,0,51,Low,27.72
Town,Retail,44,20,9.39,2,86.24568761,0.140800386,73.73592506,161,18,9,0,74,Medium,42.88
Town,Healthcare,27,6,6.18,5,94.97869181,0.084180871,96.02704117,208,11,2,1,98,High,51.14
Town,IT,42,27,6.12,2,94.54422319,0.074514481,84.27134601,199,17,8,1,55,High,49.96
City,Retail,44,2,5.57,5,92.27632536,0.052443635,96.12193496,223,16,2,0,75,High,49.68
Village,Finance,37,29,6.91,1,96.42209637,0.024563157,82.18558891,200,10,10,1,57,High,49.2
Town,Healthcare,36,3,6.67,3,90.98968623,0.02713814,97.10218844,189,2,14,1,84,High,48.92
Town,Retail,46,16,5.99,1,82.46869866,0.107913492,68.68183815,177,16,11,1,76,Medium,42.67
Town,Retail,57,30,9.89,5,90.40978222,0.070506328,89.01973005,216,0,11,1,74,High,46.31
Town,Retail,32,2,8.14,3,84.90531947,0.104676236,76.53373712,178,14,2,1,67,Medium,44.61
Town,Healthcare,36,17,7.99,3,66.14658084,0.266919538,50.4705909,71,8,4,1,50,Low,30.9
Town,Healthcare,25,12,9.41,5,69.1347862,0.366070112,40.39251353,67,14,6,1,97,Low,29.99
Village,Education,42,1,7.81,5,63.28277609,0.322097204,46.00303327,82,2,13,0,88,Low,25.4
Village,Finance,34,15,6.6,2,91.2262805,0.04334637,87.93455201,200,18,7,0,52,High,48.2
Town,IT,43,26,5.46,5,73.51914445,0.252228418,43.95264506,108,12,11,0,53,Low,30.77
Village,Retail,40,21,6.53,4,71.48387604,0.281398272,36.98546385,70,11,10,0,90,Low,28.26
City,Education,55,31,9.31,5,80.8078559,0.209908512,73.03164923,142,19,6,0,86,Medium,40.61
Town,IT,35,25,5.99,4,92.82498727,0.055515973,94.6083253,189,0,8,0,64,High,46.29
City,Education,25,23,7.92,5,65.17632935,0.322908631,39.09968216,76,16,4,0,57,Low,27.38
City,Healthcare,48,24,8.74,2,97.77680376,0.073880138,97.85929183,215,12,9,0,87,High,50.66
Town,Retail,50,28,7.84,4,69.2501835,0.392590956,51.160674,69,0,10,0,99,Low,27.11
Village,IT,49,21,7.98,1,63.21583242,0.285956362,40.805548,111,9,14,1,68,Low,28.11
City,IT,56,18,8.29,4,95.85863051,0.097607833,90.64608728,208,14,2,1,96,High,50.8
Town,IT,29,9,7.96,2,87.78822578,0.161383822,74.21644061,120,6,5,0,75,Medium,40.82
City,IT,37,30,9.43,4,92.47564508,0.080734562,95.25985873,204,17,4,1,88,High,51.47
City,IT,57,34,6.25,5,60.66381891,0.370175725,47.52704085,110,15,11,1,59,Low,29.05
City,Education,51,32,7.79,5,94.2791469,0.019747358,92.53317278,229,13,3,0,87,High,49.29
City,Retail,39,3,5.32,2,81.99465777,0.14578218,78.50110906,136,17,11,0,63,Medium,42.3
Village,Healthcare,23,3,5.01,3,81.75819742,0.149652439,74.06575814,128,6,1,0,98,Medium,39.1
City,Healthcare,34,28,7.4,5,92.42183446,0.017170999,90.59667778,197,16,6,1,90,High,50.96
City,Healthcare,25,15,8.15,1,73.85076893,0.351873752,58.56355917,63,17,12,1,68,Low,35.78
City,Healthcare,47,23,9.46,2,78.96615139,0.10003644,62.4117851,145,11,4,0,79,Medium,37.43
Village,Education,46,11,10.4,4,86.74443059,0.10484849,69.88347578,131,7,3,1,54,Medium,42.41
City,Finance,51,32,9.08,4,96.08571593,0.097090471,87.47211319,201,1,11,1,80,High,47.63
City,Retail,32,33,8.37,1,60.88950011,0.309437102,57.95071217,81,6,13,1,56,Low,30
Village,IT,28,24,7.69,5,65.65807804,0.381305689,42.0493085,110,3,7,0,68,Low,24.94
Village,Finance,52,34,5.66,2,90.36207261,0.055114134,94.17361677,185,17,8,1,80,High,50.87
Village,Healthcare,31,28,7.32,1,64.25213392,0.388160423,39.30712771,84,5,8,1,88,Low,26.29
City,Finance,34,7,9.05,5,63.38243447,0.3508301,35.70600455,118,8,2,1,73,Low,26.3
Village,Retail,52,4,8.58,2,88.20228994,0.219260932,63.44375486,129,8,2,1,83,Medium,40.61
Village,IT,28,1,5.96,4,72.17901387,0.268929264,49.65895264,118,13,4,1,72,Low,33.55
City,IT,57,1,8.24,2,73.47898731,0.268998381,42.19827687,100,7,4,1,97,Low,31.24
Village,Retail,41,20,8.13,3,73.12838317,0.263687749,30.56557678,90,18,9,1,94,Low,31.05
City,Retail,25,19,7.92,2,96.85538621,0.043621442,83.89587605,183,2,1,0,89,High,45.88
Town,Healthcare,28,29,7.47,3,84.11212953,0.129833755,64.5659339,174,17,0,0,55,Medium,40.32
Village,IT,22,10,8.3,2,68.93329816,0.29322282,36.84422998,110,4,7,1,87,Low,27.96
Town,Finance,34,18,8.34,3,91.34119623,0.005640136,97.36594036,236,13,2,0,90,High,49.52
City,Education,43,28,6.73,4,75.02536847,0.133572713,66.46838052,131,3,0,1,85,Medium,37.12
Village,Education,42,31,8.05,5,91.49268013,0.024099626,98.72251143,237,6,0,1,76,High,50.25
City,Retail,43,27,7.27,3,79.62430763,0.102958862,62.56847803,169,19,10,1,60,Medium,41.24
Town,Healthcare,49,11,5.72,3,64.69011998,0.281092378,40.95610789,75,11,14,0,54,Low,27.02
City,Education,30,5,6.83,4,97.57734945,0.058240096,93.7799997,195,1,1,1,66,High,49.73
Village,IT,47,8,5.62,3,75.92249031,0.128693374,67.74070016,137,10,5,1,56,Medium,39.1
Village,Retail,30,34,8.68,1,91.10920231,0.04062491,95.4207674,196,13,5,0,76,High,48.69
Town,Finance,36,12,7.93,4,91.27033576,0.00585366,86.10826997,189,15,13,0,96,High,47.62
City,Retail,31,1,7.07,1,86.35159359,0.247147945,77.60440783,148,19,2,1,64,Medium,44.82
Village,Finance,45,31,9.2,4,82.80934176,0.156919207,69.62445,167,5,11,0,95,Medium,38.27
Town,Retail,29,4,7.58,3,84.64103073,0.246798112,73.80548431,177,3,3,0,62,Medium,38.36
Village,Retail,45,5,5.78,1,98.04304713,0.016311468,84.98407541,194,14,11,1,60,High,51.13
Village,Retail,37,30,6.97,3,79.89853649,0.182697609,66.83131975,178,0,12,1,94,Medium,37.58
City,Finance,47,24,9.46,4,97.61458833,0.042338675,80.09008962,203,6,1,1,75,High,48.16
Village,Finance,48,3,6.7,3,66.32616663,0.369542126,47.12235699,91,11,1,0,71,Low,27.86
City,Retail,58,11,7.83,1,67.67230096,0.355410745,52.98839877,63,9,14,0,77,Low,29.17
Village,Education,25,4,8.39,1,60.6881368,0.250797125,39.51402085,115,4,6,0,73,Low,24.45
Town,Healthcare,45,26,8.21,3,75.34197636,0.16176215,66.32605469,124,11,12,1,78,Medium,38.5
Village,Healthcare,40,27,10.44,2,65.03879651,0.350170933,31.17728357,94,17,0,0,58,Low,25.68
City,Healthcare,57,27,6.09,4,71.16923321,0.38821866,58.37667304,77,9,6,0,91,Low,30.98
City,Finance,31,6,6.21,4,62.85934069,0.287080768,58.88657309,107,5,13,1,53,Low,30.81
Town,Finance,46,15,6.11,3,78.52540583,0.247154423,71.66045142,172,11,11,1,98,Medium,39.69
Village,Education,39,30,7.14,2,76.19839374,0.127518683,74.40966979,167,6,13,1,95,Medium,39.74
Village,Healthcare,40,23,8.82,1,60.48635926,0.297981937,47.30307887,71,17,11,0,67,Low,28.06
Town,Healthcare,57,6,6.26,5,93.6509392,0.061149485,93.92062814,233,1,13,1,92,High,48.56
Village,Retail,31,4,8.84,5,98.15487766,0.049475424,82.6752139,208,9,0,0,65,High,47.37
Village,Finance,54,18,7.54,3,82.28917495,0.211330151,69.68497469,150,14,13,0,82,Medium,39.37
City,Healthcare,26,9,6.17,2,61.97553508,0.341319694,35.19959082,83,11,5,1,78,Low,26.45
Village,Education,56,29,5.4,2,73.66428221,0.381033336,39.55196394,109,16,2,1,88,Low,31.44
Village,Education,55,13,5.67,4,71.15587447,0.269135223,56.19573269,101,3,7,1,59,Low,32.54
Town,Healthcare,54,17,6.7,1,61.04314647,0.326558908,58.11374189,109,6,5,1,58,Low,29.92
Town,Finance,42,32,7.3,2,97.84536519,0.009329786,90.41748073,239,8,10,1,80,High,51.04
City,Education,38,22,9.12,5,71.78015664,0.342654188,48.68827192,61,18,1,0,77,Low,31.47
Village,Retail,43,4,8.46,1,77.90878881,0.103042047,69.10890017,141,6,7,0,52,Medium,37.42
Village,Education,58,5,6.49,1,78.00796449,0.106049524,63.82159431,157,1,4,0,63,Medium,35.37
Village,IT,36,13,7.99,3,88.90415745,0.213745393,75.07901587,142,5,7,1,74,Medium,42.61
City,IT,56,34,9.48,2,94.76753876,0.027067461,80.58341337,197,17,7,0,64,High,47.76
City,Finance,49,22,9.75,3,73.24098505,0.389478775,41.06104497,84,5,5,1,51,Low,29.32
Town,Healthcare,28,23,7.12,2,70.45440631,0.378664832,44.35450105,98,12,1,1,73,Low,30.66
City,Finance,53,3,8.65,4,62.58511744,0.301164147,45.76264975,96,18,7,0,63,Low,28.56
Village,Finance,32,34,9.17,3,75.91001105,0.22379626,62.39287218,163,1,14,0,97,Medium,33.28
Village,Finance,31,32,5.69,3,82.82071272,0.23554268,62.10890146,125,11,14,1,56,Medium,39.16
City,Finance,30,21,6.89,5,81.00130754,0.11900691,70.75962673,123,14,10,0,85,Medium,40.11
Village,Retail,35,21,10.16,3,88.17352103,0.172955815,68.78976617,176,13,5,1,99,Medium,43.15
Village,Retail,34,11,7.14,2,95.75785211,0.0163624,82.49839621,195,5,5,0,73,High,46.14
City,Education,46,4,3.99,5,94.67758231,0.09680725,95.05972386,226,17,7,0,76,High,49.94
City,IT,23,1,7.35,3,70.23709554,0.380797764,32.84367761,112,4,0,0,86,Low,24.68
Village,Finance,56,28,8.85,3,71.62045757,0.257391048,54.72072768,76,17,1,0,87,Low,33.29
Village,Education,28,24,7.51,4,77.76239559,0.147588282,65.35666148,172,2,11,0,79,Medium,35.4
Village,IT,42,13,8.36,3,94.7047332,0.052780736,99.99415276,203,2,11,1,76,High,50.37
Town,Healthcare,39,34,8.63,1,76.85645587,0.13500944,68.61404151,140,9,8,0,88,Medium,37.29
Town,Retail,24,11,7.07,5,84.85478797,0.197620404,78.38938467,136,18,10,0,64,Medium,42.81
Town,IT,32,17,6.88,1,68.6568483,0.266964961,34.53361171,111,2,11,0,75,Low,25.28
City,Healthcare,45,18,7.68,5,69.64941628,0.341156471,45.60597496,109,11,7,1,50,Low,30.85
Town,IT,40,22,7.71,4,80.43386313,0.125614043,64.30990494,154,15,11,1,53,Medium,40.8
City,Retail,25,24,7.56,3,62.24844405,0.301102814,39.39539897,83,16,6,1,78,Low,28.78
City,Retail,47,19,7.61,3,84.28068753,0.227880811,64.90085063,147,6,6,1,50,Medium,39.25
Town,Education,59,21,6.6,3,96.70826681,0.07030939,85.82968274,223,12,4,1,92,High,49.97
Town,Finance,53,8,8.4,5,61.2627398,0.34090225,32.59932143,78,1,1,0,99,Low,21.72
Town,IT,57,28,8.22,3,85.44756083,0.126340021,61.22618179,155,3,10,0,95,Medium,37.28
Village,IT,58,5,5.9,1,83.25620651,0.167486917,76.30909422,124,9,5,0,71,Medium,40.42
Town,Healthcare,54,17,7.03,3,94.99036173,0.093153505,91.6666582,205,6,9,1,60,High,49.18
Village,Retail,57,19,7.61,4,79.98913293,0.224874805,76.16479132,156,16,2,1,59,Medium,42.25
City,IT,24,27,6.86,1,63.38108718,0.326458476,41.01883862,60,19,3,0,66,Low,27.78
Village,Retail,30,34,8.26,3,64.81705691,0.399569784,52.39991899,86,5,12,1,85,Low,28.97
Town,IT,29,11,7.42,3,91.33515551,0.004795773,95.50819029,222,18,9,1,96,High,52.15
City,Education,54,12,7.7,2,85.64986728,0.12247942,70.86474665,133,4,11,1,75,Medium,41.5
City,Finance,27,21,7.02,5,68.82556824,0.386180902,42.15354486,117,9,10,0,97,Low,27.07
City,IT,25,11,5.11,1,79.32975356,0.117531814,78.73131037,151,8,1,0,70,Medium,40.03
Village,Retail,34,28,5.04,2,98.71507213,0.003037958,94.2550751,232,12,13,1,62,High,52.93
Town,Education,23,5,8.21,4,90.64043524,0.086243413,99.22999358,193,18,1,1,58,High,51.86
City,IT,26,17,7.82,5,91.91836115,0.033381491,94.5541274,199,5,11,1,60,High,49.24
City,Healthcare,48,20,8.03,1,94.13926058,0.027005847,84.13674221,220,3,7,1,60,High,47.49
City,Finance,53,12,7.66,3,82.60096945,0.139009412,71.16611242,152,2,7,0,55,Medium,38.09
Village,IT,42,6,7.76,1,67.91101196,0.378800808,33.40680107,75,2,9,1,50,Low,25.7
Village,Education,29,17,8.66,3,63.89851407,0.384470929,48.45034603,110,3,5,0,55,Low,25.66
Town,Healthcare,59,19,8.03,5,66.18166204,0.391747718,34.10672917,116,4,12,0,62,Low,23.61
Village,Education,29,26,8.75,3,77.769542,0.226505998,63.87174465,148,7,4,0,71,Medium,35.3
City,Education,24,32,7.71,4,99.62185909,0.090148585,85.40766471,234,15,7,1,80,High,51.16
Town,Healthcare,24,6,7.14,3,96.38726182,0.095332008,82.02177188,206,2,3,0,71,High,44.85
City,Education,43,11,7.73,4,83.55899818,0.24460812,61.81591451,163,11,10,0,86,Medium,37.25
City,Healthcare,27,33,6.5,5,78.94711638,0.166539955,63.25094709,159,7,3,1,96,Medium,38.14
Village,IT,23,24,7.04,5,85.09761071,0.201565955,69.92888358,177,12,4,1,76,Medium,41.97
Town,Healthcare,44,23,7.71,1,84.15119067,0.243433176,60.05739656,132,3,0,1,99,Medium,37.48
Village,Healthcare,23,15,7.7,4,61.54573297,0.312927056,39.1785516,86,13,0,0,63,Low,25.81
Village,Finance,59,27,7.37,4,97.65763321,0.009148296,90.2775167,193,13,1,1,96,High,51.94
Town,Healthcare,38,11,5.83,2,99.34253299,0.008642463,95.98476188,196,12,13,0,54,High,51.39
City,Healthcare,56,17,8.26,2,81.56112292,0.240786736,63.53080906,171,5,7,0,85,Medium,35.84
City,IT,55,14,8.5,2,64.66321984,0.313981855,34.03960399,60,16,6,1,81,Low,28.29
Town,Finance,44,27,9.47,3,93.16104888,0.042449283,86.18648449,233,3,14,0,83,High,45.46
City,Retail,51,18,8.03,2,99.26988475,0.066512018,93.81707009,185,7,14,0,56,High,49.36
Town,IT,29,28,7.5,4,75.00574405,0.1894274,77.40291708,136,16,9,0,91,Medium,39.34
Town,IT,43,4,6.28,3,62.59736365,0.347751969,50.66544081,101,2,8,0,97,Low,25.88
Village,Retail,57,7,9.29,5,90.48395882,0.014851742,88.27935397,200,16,4,1,59,High,49.94
Town,Healthcare,26,9,7.8,1,72.92619312,0.318597491,54.53962212,110,8,1,0,99,Low,31.25
Village,Education,34,8,7.73,2,94.89134032,0.079384329,93.22720787,186,1,6,1,66,High,48.6
City,Finance,50,17,7.2,5,67.52383714,0.253375649,42.87927715,63,12,14,0,79,Low,28.73
City,Education,52,17,7.12,4,93.91675597,0.062191442,99.37277331,194,19,7,0,70,High,51.31
City,Retail,37,33,8.33,1,60.25244814,0.333557138,52.8331166,116,1,11,1,62,Low,27.56
City,IT,51,32,6.27,5,77.13044443,0.126496454,65.42186633,172,19,6,0,50,Medium,38.83
Village,IT,37,8,9.45,1,66.59067349,0.38171728,46.98971155,64,10,13,0,50,Low,27.58
City,Finance,33,19,9.19,2,91.27576469,0.085933282,91.89665428,215,14,6,0,96,High,47.79
Town,IT,38,3,7.08,4,82.19086738,0.220456829,67.09935563,131,10,11,0,82,Medium,37.93
Town,IT,37,5,6.46,1,61.6172506,0.395404187,57.82915846,102,2,14,0,87,Low,26.54
Town,Finance,33,13,5.08,5,84.07492848,0.161979172,67.70676841,163,2,13,0,74,Medium,37.61
Village,Finance,29,31,6,2,82.8821812,0.15349327,65.47585118,142,11,4,1,75,Medium,40.68
City,Retail,41,16,8.38,2,71.59497861,0.275579558,56.02515245,112,4,1,1,62,Low,32.77
City,IT,24,32,7.88,5,84.57380243,0.218806689,65.56208942,172,19,5,1,77,Medium,42.17
City,IT,37,22,8.09,5,99.19038277,0.089990954,88.96321747,220,6,3,0,82,High,47.94
Village,Retail,51,29,5.29,1,88.33698983,0.166598232,63.31946325,121,6,9,0,86,Medium,38.75
Town,Healthcare,44,22,7.03,3,92.80709742,0.099931627,85.36023001,232,12,1,0,90,High,46.41
Town,Healthcare,49,3,9.14,2,91.72820051,0.034450589,81.23086068,205,8,11,1,79,High,47.11
City,Healthcare,26,10,7.38,1,62.22092061,0.2969024,33.071555,90,12,8,0,98,Low,24.75
Town,Retail,41,21,5.97,5,94.63547839,0.047032405,97.47150612,220,11,6,1,97,High,51.71
Town,IT,22,16,7.37,1,86.16559471,0.180687929,65.88395721,147,12,5,0,57,Medium,39.68
Village,Retail,51,12,6.57,5,90.09538954,0.040289003,98.14486335,238,9,11,0,98,High,48.15
Village,Retail,42,2,7.9,4,60.12136726,0.389127552,31.92241544,76,0,4,0,96,Low,20.56
Village,Healthcare,41,24,7.52,5,82.28728747,0.19830748,67.94889773,150,7,2,1,50,Medium,39.76
Village,Education,27,30,8.15,5,97.52808995,0.082326865,97.58793987,204,15,11,0,61,High,51.04
City,IT,43,30,6.04,5,65.71228128,0.353119721,37.24615649,116,12,14,1,54,Low,28.08
Village,Healthcare,39,19,6.96,3,77.16742057,0.155446468,66.25680094,172,2,14,0,73,Medium,35.32
Town,Education,29,8,8.81,5,88.90429235,0.115913807,64.42801057,127,2,9,0,55,Medium,38.85
City,Education,53,26,5.87,2,73.73583674,0.363854207,44.83295036,105,4,9,1,74,Low,30.29
Town,Finance,54,7,6.3,2,91.61100023,0.099601278,83.59999233,236,10,3,0,50,High,45.31
Town,IT,37,30,7.74,1,73.80494472,0.345464312,54.18923591,91,6,2,0,74,Low,30.76
Town,Education,33,7,7.84,3,78.87835628,0.229350237,65.38576184,138,9,11,0,50,Medium,36.3
Village,Healthcare,59,3,6.91,1,81.54137882,0.136012705,76.99735959,157,9,10,0,81,Medium,40.37
Village,Finance,55,1,7.17,2,94.09249574,0.028919315,96.17955499,182,19,7,1,91,High,53.05
City,IT,35,25,8.14,2,73.25856389,0.325731222,55.72608886,85,1,2,1,91,Low,32.1
City,Retail,57,1,8.52,4,71.58021408,0.313750362,37.98795371,72,2,6,0,52,Low,26.36
Village,Healthcare,54,15,6.22,5,82.74886378,0.174459838,65.8140185,167,7,6,0,98,Medium,37.71
Town,Education,44,13,7.94,2,76.27592275,0.207790561,64.06099707,130,10,6,1,68,Medium,37.67
City,Education,23,8,9.31,1,97.67966758,0.096072809,89.99098325,213,12,12,0,92,High,48.83
Village,Healthcare,42,5,7.36,1,93.71463339,0.044891172,90.74338643,234,6,6,1,78,High,49.11
Village,Education,23,9,6.2,5,93.94800768,0.095332426,89.70263815,198,12,13,0,99,High,47.65
Village,Finance,48,1,6.15,5,80.76931053,0.105341823,69.46154975,127,1,1,1,51,Medium,39.32
Town,IT,30,2,7.31,4,99.61020936,0.001307653,83.43401673,202,5,9,1,58,High,49.64
Village,Finance,22,23,8.74,3,92.52223134,0.081073047,98.94341234,189,8,2,1,66,High,50.41
Village,Education,32,9,7.45,1,95.12439769,0.054590256,80.68522246,234,19,9,1,95,High,50.03
Village,Retail,24,34,7.73,5,79.55704673,0.121553144,73.4887284,147,1,8,0,85,Medium,37.61
Village,IT,44,14,6.3,1,93.98841412,0.090440144,99.97798574,222,17,2,0,66,High,50.78
City,IT,47,4,8.68,5,77.46672169,0.190932496,66.40151635,147,15,1,1,98,Medium,39.67
City,Healthcare,25,30,6.13,2,94.16592228,0.064852703,86.18864942,218,11,8,1,61,High,49.13
Village,Healthcare,39,31,6.89,1,77.63281993,0.164202903,72.50739189,131,6,12,1,69,Medium,39.4
Town,Retail,27,11,8.26,2,90.11897832,0.029315594,80.11848131,205,6,9,1,99,High,46.05
City,IT,56,8,5.05,1,88.48018692,0.18842062,68.95227863,154,16,8,0,52,Medium,41.71
Village,Retail,43,3,7.71,3,66.43294085,0.302477535,48.19767847,97,12,3,1,92,Low,30.99
City,Healthcare,36,14,6.25,4,92.37254364,0.026263361,90.08842079,206,10,13,1,99,High,49.55
City,Healthcare,43,13,7.52,2,72.08965144,0.351108768,36.22450092,96,5,11,1,53,Low,28.4
Town,IT,58,32,7.08,5,71.2835818,0.29342468,49.25964644,112,13,8,1,66,Low,32.95
Village,Finance,33,34,10.03,3,70.39810096,0.376984175,31.85212483,103,5,2,1,99,Low,26.76
Village,Education,59,19,7.03,1,84.68107764,0.232502455,69.41862319,136,5,6,1,86,Medium,40.02
Town,Healthcare,39,16,9.71,2,84.55818217,0.2051138,73.80673892,149,1,6,1,95,Medium,40.34
Town,Healthcare,56,2,8.2,1,72.12018132,0.358663351,41.71051915,111,19,14,0,91,Low,30.24
Village,Finance,51,17,6.54,1,92.13740262,0.065731883,88.49358025,206,14,10,1,64,High,49.57
Village,Finance,45,34,7.9,1,85.40666079,0.137810483,68.62918193,127,16,7,1,82,Medium,43.22
Town,Retail,51,16,7.13,4,63.94351096,0.322100517,42.99186819,102,7,9,1,65,Low,28
City,Retail,35,2,7.79,4,76.25756054,0.188613058,71.38790748,142,4,14,0,60,Medium,36.13
City,Education,27,2,6.64,5,92.82155584,0.023325169,94.68147062,191,16,3,0,69,High,49.83
Town,Education,24,26,9.53,2,95.04739475,0.014954932,82.07678772,182,19,2,0,87,High,48.66
City,IT,37,13,8.61,3,99.3156498,0.07078807,94.95847303,233,0,2,1,73,High,50.18
Town,Retail,28,31,7.54,3,85.88213806,0.22481421,66.86406138,122,17,14,1,65,Medium,42.34
City,Healthcare,35,34,9.57,3,92.30494837,0.032756629,84.19785685,227,14,11,1,79,High,49.1
City,Retail,30,3,7.59,1,97.36651875,0.011356454,96.12023421,210,4,4,0,83,High,49.21
Village,Healthcare,36,8,8.82,4,87.580945,0.124658903,75.27807568,120,6,10,1,50,Medium,43.33
Village,Finance,42,23,7.55,2,90.26297727,0.026102867,90.76135101,226,17,14,0,73,High,48.46
City,Retail,56,14,7.97,1,92.547205,0.026324617,91.12472788,191,5,13,0,73,High,46.81
City,Finance,23,27,7.4,4,82.49353828,0.20571934,66.44412612,124,4,0,0,58,Medium,36.83
Village,Education,48,29,7.61,4,92.3063864,0.077287394,86.77939852,221,18,9,0,71,High,47.97
Village,Education,23,1,7.7,2,71.36774087,0.297928218,34.74309611,88,9,2,0,61,Low,27.22
Village,IT,56,17,6.7,2,95.66443685,0.047175631,89.91638945,214,14,13,1,66,High,51.1
Town,Retail,39,30,7.02,2,77.58896426,0.117038098,66.48899543,135,9,5,1,74,Medium,39.26
City,Finance,35,13,7.24,1,90.57788197,0.014065334,94.33263873,231,15,2,0,77,High,49
Village,Healthcare,41,21,7.78,5,64.52882866,0.253472016,44.50967601,77,11,4,1,64,Low,29.96
City,Education,39,19,7.46,2,91.26545311,0.047662046,95.27230598,219,17,8,1,79,High,51.45
Town,Education,31,19,8.91,5,79.74591558,0.122036336,70.49105571,127,0,1,0,76,Medium,36.85
Town,Healthcare,46,25,8.52,1,71.7789948,0.312227141,52.26796677,99,15,10,0,71,Low,31.91
Village,Finance,23,22,7.26,5,62.17480624,0.349992008,47.55496521,66,5,1,1,59,Low,27.69
Town,Finance,46,31,9.16,3,86.8404283,0.151939908,72.43780268,163,2,11,1,80,Medium,41.49
City,Retail,54,17,9.75,5,90.86445753,0.07594287,86.28088006,227,1,5,1,76,High,46.05
Village,Retail,57,23,5.05,2,79.7917183,0.112581061,78.86327559,167,1,5,1,61,Medium,40.85
City,IT,52,32,8.62,1,88.55229346,0.205442132,62.59772325,135,12,10,0,95,Medium,39.49
City,Education,35,10,6.67,2,84.10415764,0.149350859,67.43763115,152,8,10,1,80,Medium,40.89
Town,Retail,22,10,8.46,3,68.16790821,0.259233502,49.00705521,97,15,7,0,81,Low,30.7
Town,Finance,37,8,8.99,2,95.11536194,0.094356522,80.83760788,234,4,11,0,81,High,44.66
Town,Healthcare,24,20,6.45,2,92.92441805,0.0798273,95.66673384,220,6,12,1,90,High,49.5
Town,Finance,56,32,5.28,2,83.02899419,0.228044489,64.59662683,144,12,10,1,94,Medium,40.01
Town,Education,27,14,8.5,4,76.15733853,0.118925439,63.52282454,161,19,13,1,84,Medium,40.23
Village,Finance,46,28,7.66,3,96.57197662,0.043902924,80.89762033,216,12,1,0,95,High,47.2
City,IT,34,24,5.5,2,82.35811124,0.174496782,62.7391885,143,6,8,0,70,Medium,36.77
City,Education,55,15,10.54,2,81.74572155,0.118651798,64.07116438,138,9,14,0,59,Medium,38.01
City,Healthcare,29,22,8.25,2,96.07957703,0.010476254,89.08455648,238,14,1,0,65,High,49.44
City,IT,42,30,8.3,1,86.43942986,0.229151323,71.69686354,165,5,12,1,56,Medium,41.05
Town,Education,55,4,9.14,4,70.13053213,0.374902484,35.82403376,87,4,0,0,53,Low,25.29
City,Healthcare,25,13,6.8,1,84.08712843,0.152535492,77.4248716,132,1,9,0,76,Medium,39.44
Village,IT,46,23,7.66,4,63.13961736,0.264765206,56.58739076,117,14,1,1,74,Low,32.46
Village,IT,36,8,5.92,2,76.57505787,0.114232635,66.32714503,150,15,11,0,80,Medium,38.16
City,Education,25,18,6.77,3,91.69563519,0.081741246,98.66450123,204,18,6,0,60,High,50.11
City,Retail,33,12,7.96,5,75.47845825,0.147947809,75.39822536,177,8,7,1,97,Medium,39.92
Village,IT,53,31,5.5,5,75.10181931,0.109136834,68.14794129,123,18,4,0,69,Medium,38.72
Village,IT,53,14,6.74,2,76.39529491,0.140870078,75.8039207,150,6,5,0,85,Medium,37.93
Town,Healthcare,49,34,6.39,1,71.88307754,0.294729232,47.35836615,100,3,11,0,66,Low,28.73
Village,Finance,34,18,7.67,3,90.51882078,0.094223372,90.54451957,191,2,0,0,94,High,44.8
Town,Education,52,34,8.19,4,65.11117143,0.386887633,52.63513228,79,19,14,1,60,Low,32.02
Town,Education,35,11,8.39,2,80.08981417,0.179722889,76.56545867,148,10,5,0,79,Medium,39.6
Town,Retail,41,12,8.7,3,68.80209942,0.333059235,58.60600654,61,0,11,1,84,Low,31.06
Town,Retail,39,15,9.15,3,91.95707752,0.002784978,96.1002976,219,5,14,0,90,High,47.87
Town,Education,50,31,8.23,4,86.62965447,0.121615594,78.51888981,131,10,7,1,87,Medium,44.53
City,Retail,27,29,9.76,3,81.21297011,0.185627954,70.01434783,150,0,12,1,71,Medium,38.57
Village,Healthcare,53,26,7.64,1,71.7486928,0.34794891,44.56597107,102,6,2,1,92,Low,30.2
Town,Education,50,18,7.29,1,68.32064427,0.339041582,34.76136396,82,5,10,0,97,Low,25.09
Village,Retail,23,32,8.23,1,93.56899887,0.010828936,88.41754499,218,13,0,0,76,High,48.34
Village,Education,44,22,7.24,3,77.39854362,0.200140257,71.57946065,171,1,10,0,86,Medium,35.81
Town,Finance,40,17,9.72,1,90.88006028,0.089353458,87.78532794,213,3,3,1,95,High,46.62
City,IT,52,23,8.86,4,70.5810774,0.394657513,33.32181369,105,10,0,0,98,Low,25.94
Town,Education,26,24,8.4,3,88.00965365,0.145517982,76.41478034,141,14,13,0,84,Medium,43.09
City,IT,40,8,7.66,5,71.55529169,0.398062355,46.14953711,92,17,7,0,53,Low,30.15
Village,Retail,55,6,7.01,3,92.74544585,0.082409449,80.10648381,186,0,4,0,65,High,43.1
City,IT,31,5,8.34,4,97.73474018,0.087512099,80.53205127,201,2,0,1,65,High,47.04
City,Education,46,29,6.15,5,98.51484449,0.060919539,97.06345957,239,2,13,1,70,High,50.86
City,Finance,23,28,9.34,3,62.68847113,0.345751263,48.98241955,112,6,7,0,75,Low,26.39
Village,Retail,32,11,7.29,1,82.79537,0.199228649,71.24637368,174,0,8,0,85,Medium,37.17
Village,Education,52,1,7.87,2,62.6149313,0.313834505,45.93519763,63,10,9,0,68,Low,26.86
City,Retail,36,19,6.41,2,68.35064409,0.291246879,32.30970874,79,5,1,1,66,Low,27.09
City,Healthcare,30,9,8.37,1,77.3552318,0.204076808,72.26257481,132,19,8,0,94,Medium,39.47
Town,IT,44,27,6.96,2,84.01278851,0.149922754,74.34257805,144,2,7,1,75,Medium,41.03
City,Healthcare,40,34,8.28,2,97.73647395,0.045561637,92.2380817,191,18,6,1,71,High,52.99
Town,Education,30,4,8.41,1,96.96507183,0.037604179,98.8521942,229,1,2,0,77,High,48.78
City,Finance,56,18,6.72,1,82.17615678,0.168798694,72.20407337,123,17,1,0,50,Medium,40.86
Town,Retail,42,15,6.15,3,94.76567944,0.029606551,90.29858991,200,11,6,0,93,High,48.48
Village,IT,30,13,9.34,3,97.90773064,0.037392787,91.25625222,211,9,14,1,85,High,51.14
City,Retail,49,19,7.27,1,99.13578011,0.052536048,94.49820544,236,4,4,1,92,High,51.01
City,Education,28,6,7.77,4,86.93006847,0.183877882,70.11052205,176,8,5,0,86,Medium,39.94
City,Retail,37,12,8.08,2,83.09521701,0.174719451,71.01119101,157,1,3,1,51,Medium,39.65
City,IT,37,17,6,3,87.98504972,0.168742482,72.52946752,120,1,1,0,66,Medium,39.46
Town,Education,54,23,8.06,2,92.5345713,0.007424686,82.07549417,212,5,8,0,89,High,45.19
City,Retail,25,26,7.62,5,68.3809205,0.293881064,49.83290729,78,9,2,1,87,Low,31.37
Village,Finance,25,29,6.73,1,72.20163953,0.322748843,38.86171732,101,17,11,1,70,Low,31.65
Village,Education,38,33,6.11,4,72.21603627,0.326145508,53.43100499,66,11,13,1,58,Low,33.32
City,Education,58,27,8.23,5,61.75109518,0.256224896,38.163779,85,3,6,1,62,Low,26.23
Village,Finance,50,25,8.85,5,65.09459169,0.374991146,43.17385101,104,16,13,0,60,Low,27.66
City,Healthcare,57,10,7.71,5,93.91771742,0.057712227,94.04835056,191,14,7,0,65,High,49.29
City,IT,59,23,5.78,1,92.11716778,0.014528601,86.32584697,201,5,1,0,65,High,45.84
Village,Healthcare,58,21,6.23,3,94.24830737,0.04170532,93.27596784,233,15,13,1,51,High,51.61
City,Retail,56,21,6.98,1,65.56118541,0.335698002,57.64061376,93,16,5,0,91,Low,31.08
Village,Finance,28,13,9.38,3,72.98585888,0.296158628,33.23622382,113,2,10,1,93,Low,28.03
Town,Healthcare,48,33,7.2,5,93.15008275,0.057554951,99.01187932,197,9,7,1,57,High,51.05
City,Education,49,24,6.94,5,88.18286454,0.206669428,65.6171283,154,4,6,1,92,Medium,40.38
Town,Retail,43,11,5.49,4,72.91498455,0.377899923,52.47161954,87,13,10,0,91,Low,31.23
Village,Retail,35,17,6.71,3,85.31794836,0.126703049,75.66894355,173,12,2,1,62,Medium,43.93
Town,Healthcare,28,4,6.02,5,82.07039265,0.104574482,62.5043971,153,5,0,1,66,Medium,39.14
Town,Healthcare,58,25,6.3,2,92.66233495,0.051452694,82.13770591,230,11,13,1,88,High,48.01
Village,Finance,43,30,7.64,4,80.1799844,0.21111698,74.89955641,142,7,5,1,73,Medium,40.38
Town,IT,26,9,7.02,1,60.6316223,0.390016151,50.45919691,97,4,7,1,52,Low,27.22
Town,Healthcare,23,21,9.54,4,66.57783609,0.299618949,51.8932658,117,14,5,1,79,Low,32.2
Village,Healthcare,48,20,8.79,2,85.27070561,0.193754018,76.22631034,151,15,4,1,62,Medium,43.95
Town,Education,42,19,6.77,3,60.57924135,0.306833064,31.00676841,80,0,10,1,68,Low,23.34
Village,Retail,59,19,6.4,1,66.83027248,0.355324649,44.8833793,84,15,11,1,56,Low,30.51
Town,IT,36,12,9.16,1,94.51089287,0.09108789,96.28601967,201,4,7,1,58,High,49.58
Village,Education,42,17,9.49,3,65.29474889,0.336460833,52.96809066,94,2,1,1,68,Low,29.26
Village,Finance,31,28,4.87,4,91.24736113,0.018836823,87.0184419,203,19,14,1,94,High,50.47
Town,Finance,44,18,7.61,5,62.02594891,0.371684584,36.45682782,104,14,11,0,89,Low,25.03
Town,Healthcare,26,14,7.2,4,92.65609458,0.070435296,96.05531343,226,12,14,0,71,High,48.8
Town,Healthcare,22,7,8.28,2,66.45446995,0.298883522,43.7939959,103,15,0,1,67,Low,30.75
City,Finance,34,13,9.83,5,73.80388201,0.390664684,55.00243579,61,10,0,1,72,Low,33.26
City,Healthcare,42,18,6.92,4,93.97728976,0.042811357,97.60495989,211,1,14,1,51,High,49.57
City,IT,47,13,5.03,3,93.92950765,0.096176248,88.31572124,238,5,13,0,99,High,45.98
Village,Healthcare,42,31,8.19,2,69.6496629,0.390866383,37.24996332,63,5,3,0,99,Low,25.46
Town,Retail,39,2,9.17,2,70.4458337,0.328122338,37.78815708,105,13,5,0,60,Low,28.05
Village,Healthcare,58,16,7.14,2,95.86731527,0.079591314,89.5015796,227,10,12,1,80,High,49.96
City,Education,53,9,6.65,5,94.81273952,0.061735425,88.09821629,237,7,8,1,82,High,48.94
Town,IT,57,9,6.98,1,83.34327131,0.104704235,63.23511361,157,7,0,1,63,Medium,40.07
Village,Education,38,11,8.52,5,65.75466071,0.303269765,41.80776466,61,0,11,1,65,Low,27.08
Town,Education,56,22,6.95,4,95.44180116,0.054346987,89.94307632,221,6,0,0,60,High,47.37
Village,Retail,32,33,7.89,1,86.45641296,0.19612812,65.89756381,161,5,12,1,82,Medium,40.22
Town,IT,42,23,7.53,4,92.10461748,0.0318255,84.80139306,213,7,12,0,56,High,45.76
City,IT,47,34,7.41,1,99.08980892,0.063793049,95.38339739,219,18,4,0,80,High,51.86
City,IT,25,9,8.34,5,92.18970127,0.049654981,85.53995637,238,19,9,1,97,High,50.17
Town,IT,55,24,6.93,2,91.72194267,0.027096321,85.71253199,186,7,4,0,95,High,45.87
Village,IT,39,8,6.98,3,66.13815783,0.254543984,52.34863328,76,13,4,0,96,Low,30.4
City,Retail,56,7,8.46,2,92.73914871,0.019987297,84.63719228,230,17,9,0,63,High,48.05
City,Healthcare,50,18,6.32,5,99.34651953,0.000856921,80.95599419,188,15,5,0,77,High,49.06
City,Education,50,3,6.44,1,94.07884927,0.011394527,93.52283577,213,8,7,1,92,High,50.5
Town,IT,59,28,5.99,2,81.43276621,0.248766832,64.31083238,160,14,2,1,65,Medium,39.67
Town,Healthcare,42,6,8.52,5,99.53920804,0.081420877,98.07963393,215,9,8,0,68,High,50.55
Village,Healthcare,34,21,7.37,4,82.7643564,0.226476688,69.13862467,125,15,12,1,66,Medium,41.44
Village,Education,38,28,5.92,3,76.30602339,0.210816704,78.2384171,122,3,0,0,75,Medium,37.08
Village,Retail,30,1,8.52,2,67.07820164,0.311980507,55.42843342,95,19,3,1,55,Low,33.93
Town,Finance,22,21,6.83,1,68.39010993,0.321450744,57.05254042,112,12,8,1,92,Low,33.16
Town,Finance,23,13,6.45,4,77.26754058,0.205122694,77.60932747,154,4,14,1,98,Medium,39.52
Village,Healthcare,50,10,7.27,5,83.16226106,0.236337662,77.89783749,132,6,13,1,58,Medium,41.42
Village,Education,54,10,9.27,3,90.03767695,0.063137744,91.93032001,217,8,7,1,99,High,48.46
Town,Finance,31,13,7.03,1,67.51615505,0.38661924,54.55007535,104,7,9,0,66,Low,28.74
Village,Healthcare,42,24,8.19,5,96.34534933,0.053271162,87.85052397,192,15,8,1,80,High,51.02
City,Retail,49,2,8.37,5,78.72928698,0.234917963,77.61996178,131,5,0,0,61,Medium,37.85
Town,Finance,32,22,8.03,2,82.29160223,0.16725504,64.8656801,144,15,8,0,72,Medium,39.05
Village,Healthcare,55,17,9.03,2,66.66319105,0.268387473,56.91009184,107,5,2,1,54,Low,31.74
Town,Healthcare,29,14,6.65,1,75.77941941,0.219627611,62.9271714,139,13,10,0,92,Medium,35.78
City,IT,43,10,6.25,5,76.40742502,0.174432922,73.10932279,167,0,11,1,85,Medium,37.87
Town,Retail,29,25,6.22,2,90.14808861,0.084104498,90.26995923,207,8,9,0,85,High,45.94
Town,IT,36,3,7.33,3,66.89530596,0.387232923,44.18669902,105,12,8,0,52,Low,27.48
Town,Education,38,17,6.36,3,92.68599162,0.053438556,96.65218026,239,18,0,1,73,High,52.3
Town,IT,44,12,7.68,5,83.86949411,0.137280362,65.77894984,166,16,0,1,66,Medium,42.21
City,IT,45,24,7.59,2,98.0719197,0.07574022,87.13874596,206,10,8,1,88,High,50.18
Town,Finance,40,29,8.72,1,97.74858402,0.012970626,89.07507521,194,7,10,1,75,High,50.49
Town,Healthcare,26,25,7.85,1,94.34657318,0.033079499,83.57325611,196,4,13,0,53,High,45.57
Village,Retail,53,26,7,1,75.62652007,0.144466109,65.32254826,177,9,5,1,94,Medium,38.18
Town,IT,22,1,7.99,3,64.04849555,0.296464797,45.1346494,75,6,3,0,61,Low,26.51
Village,Retail,44,20,6.26,2,65.33540719,0.357920535,39.74879482,95,9,6,0,50,Low,25.81
City,IT,58,28,7.45,2,84.02541201,0.141680035,78.93677956,135,3,4,0,70,Medium,40.23
City,Education,29,16,7.88,3,65.85157361,0.391436907,50.92384162,116,8,9,0,68,Low,27.67
City,IT,34,17,7.66,1,88.08718558,0.226138577,72.22990548,123,13,13,0,70,Medium,41.26
City,Finance,29,28,8,1,71.48410145,0.310616477,36.42353047,104,1,6,0,67,Low,25.87
Village,Healthcare,44,12,6.73,5,88.56652677,0.170093104,70.89941086,135,8,7,1,92,Medium,42.71
Town,Education,22,27,8.88,4,88.28186886,0.235336843,76.63862369,157,0,7,0,52,Medium,39.52
City,IT,45,30,9.69,2,67.57626183,0.263273034,30.76512492,92,9,0,0,98,Low,25.63
Town,Retail,56,34,5.58,2,81.93078324,0.226980174,69.59814852,156,9,7,0,93,Medium,38.09
Village,Education,45,6,6.04,2,77.51300365,0.214840723,69.37708577,141,19,5,1,81,Medium,40.84
Village,Education,38,7,7.55,4,77.30627612,0.15270339,65.0324589,157,2,3,1,59,Medium,37.14
Village,IT,26,32,7.19,5,97.12771794,0.055500567,98.08382415,203,5,12,0,89,High,49.28
City,Education,41,32,9.78,4,61.39904628,0.370752654,40.72677014,118,5,13,1,64,Low,25.91
Town,Retail,42,25,7.76,1,79.98184276,0.137481432,71.70813053,135,1,11,0,54,Medium,37.22
Town,Education,52,33,9.17,1,68.62713952,0.314308771,35.28772032,76,17,7,1,53,Low,29.93
Town,Retail,57,7,5.04,2,88.68316685,0.226538042,63.38675274,157,1,2,0,77,Medium,37.28
Village,IT,32,12,8.48,3,98.09674258,0.069567766,95.31568585,222,11,12,1,53,High,52.09
City,Healthcare,36,16,6.64,2,95.30115565,0.013776293,87.38112319,208,4,3,1,64,High,48.82
Village,Education,40,16,6.62,3,68.85747849,0.396402089,39.00742817,105,19,14,1,66,Low,30.34
Village,Healthcare,28,13,7.2,4,93.43853576,0.069388069,97.68414704,188,6,5,0,93,High,48.15
Town,Retail,49,7,5.79,1,85.66439789,0.108744581,78.97000344,155,15,10,0,52,Medium,43.47
Village,Education,26,9,8.03,3,87.31792867,0.14869919,67.52847497,170,19,6,0,59,Medium,42.08
Town,Finance,26,32,7.73,4,76.57336165,0.152160675,76.65199793,120,0,3,1,96,Medium,38.83
City,Healthcare,51,11,7.82,1,64.13843189,0.355804404,44.88325651,118,0,3,1,91,Low,26.71
Town,Education,53,8,8.56,3,77.27713105,0.228151897,73.04858812,146,16,6,0,72,Medium,38.77
City,Healthcare,29,33,9.32,2,76.58863093,0.182001925,73.4766456,143,0,5,1,67,Medium,37.91
Town,Education,31,23,7.06,2,63.98793747,0.325774603,45.40859299,73,19,12,0,50,Low,28.85
Village,IT,59,25,8.07,2,63.43426604,0.34228423,42.85222218,98,12,10,0,84,Low,26.62
Village,Healthcare,53,8,7.85,4,91.91773458,0.005006453,97.47267645,187,8,7,0,80,High,48.7
City,Finance,49,22,7.95,2,66.90240746,0.334619042,48.96400944,86,14,0,0,93,Low,29.35
City,Finance,38,4,7.97,5,87.26839558,0.144696969,60.22555559,146,2,9,1,50,Medium,39.24
City,Retail,52,3,9.41,1,88.81026816,0.207261455,71.67818126,126,13,12,1,52,Medium,43.56
Town,Education,29,29,6.95,4,72.27237366,0.386872758,37.71324787,69,10,10,1,52,Low,29.38
Town,Healthcare,46,29,5.67,2,79.74783142,0.110575743,71.02073127,150,11,6,0,86,Medium,39.29
City,Retail,30,34,6.66,1,78.29570148,0.209046981,67.18259018,176,12,11,1,68,Medium,39.31
Village,Healthcare,23,34,8.41,3,97.64244221,0.053961585,82.58073576,202,12,6,0,78,High,47.75
Town,Education,36,28,7.53,2,60.31597575,0.353039113,38.52609827,87,0,10,0,74,Low,22.31
Town,Finance,24,13,6.94,1,90.11028448,0.031212828,80.25190076,209,9,6,0,82,High,44.66
Town,IT,57,15,6.21,5,63.25182711,0.330220147,35.76602738,97,2,6,0,85,Low,23.27
City,Finance,25,23,7.77,3,61.21608071,0.355257045,31.52662127,108,3,9,0,78,Low,21.76
City,Retail,35,26,8.27,5,76.54551928,0.170170362,61.34656231,122,15,13,0,75,Medium,36.58
City,IT,46,4,7.87,1,97.70131292,0.014155211,96.68250866,186,7,9,1,53,High,51.98
City,Retail,31,26,7.2,5,87.94096085,0.182362483,71.07697111,168,15,7,1,98,Medium,43.84
City,Education,42,9,7.68,1,99.84193392,0.003033925,99.97196336,200,16,8,1,63,High,55.2
Village,IT,57,5,7.67,1,98.44209586,0.043239636,96.57334287,197,18,8,1,99,High,54.1
Village,Retail,33,32,7.73,5,87.94527764,0.1531369,72.57141081,173,14,1,0,76,Medium,42.24
City,Education,48,20,6.08,1,92.9749267,0.029634808,94.51136495,227,15,12,0,82,High,49.59
Town,Finance,23,11,7.74,2,62.30478145,0.272300885,43.23292944,65,14,12,1,71,Low,29.44
City,Education,34,15,6.97,1,91.04482395,0.023751612,87.59801045,199,1,6,1,97,High,46.88
Village,Healthcare,53,32,8.75,4,90.14276982,0.060131682,91.25265192,229,10,6,1,52,High,48.79
Village,Education,52,28,7.66,1,64.52471691,0.297804589,43.00773393,99,0,3,1,72,Low,27.02
Town,Education,37,22,8.5,4,92.83016966,0.043796396,87.09990082,239,14,8,1,70,High,49.73
Village,Healthcare,53,17,7.14,1,84.42485944,0.22377894,65.79270779,152,18,7,1,90,Medium,41.91
City,Retail,53,26,7.18,1,79.78396631,0.202554932,60.37398109,120,3,11,1,72,Medium,36.63
Town,Retail,55,7,9.29,5,94.46601901,0.045764562,85.17363548,209,10,0,1,53,High,49
City,Education,32,26,8.02,2,72.96103969,0.386389757,44.85292872,82,4,1,0,70,Low,27.83
City,Healthcare,31,25,6.64,2,64.43582921,0.358763969,33.50899326,92,2,12,0,86,Low,22.88
Town,Healthcare,36,10,8.58,3,62.89780824,0.387728974,53.64022673,75,12,14,0,92,Low,28.15
City,Finance,38,19,6.86,5,65.54898641,0.261675873,40.83540491,117,9,12,0,80,Low,27.06
Village,Retail,39,11,7.77,5,61.57137501,0.293683498,47.811328,72,10,1,1,70,Low,29.13
City,IT,30,13,9.7,2,97.52981617,0.010636817,81.64698288,225,17,11,0,75,High,48.98
Town,Retail,46,8,5.78,5,91.86316777,0.00997262,87.26648951,199,1,11,1,90,High,47.2
Town,Retail,35,4,7.29,2,60.6075605,0.302271696,35.19621056,118,6,10,0,84,Low,23.45
Town,Finance,46,31,7.99,5,83.0058766,0.187583474,63.98573286,162,8,14,1,87,Medium,39.49
City,IT,43,28,8.42,1,88.38427595,0.132210269,69.81662094,137,9,14,1,73,Medium,43.01
Town,Finance,51,11,6.01,2,99.50534475,0.098041436,90.90913391,225,17,7,0,60,High,50.55
Town,IT,41,1,5.66,2,81.49146128,0.113278347,71.57098311,157,6,14,0,90,Medium,38.89
City,Education,42,24,8.81,4,68.22517471,0.259246283,57.7978226,107,6,0,1,78,Low,32.68
Village,IT,53,31,6.64,5,61.06220298,0.354732318,48.08939353,70,2,3,1,96,Low,26.82
City,Finance,42,26,6.59,5,78.40155842,0.196346343,65.24563568,173,11,9,1,52,Medium,38.88
Town,Retail,56,5,9.36,2,65.53684707,0.298350769,47.70142213,98,6,11,0,50,Low,27.46
Town,IT,53,20,7.58,1,86.65133118,0.14269154,66.90409096,132,16,4,0,68,Medium,41.2
City,IT,51,11,7.59,1,98.90824132,0.009446243,99.77751424,236,0,8,1,95,High,51.63
Village,Healthcare,33,33,7.28,1,97.29426094,0.096394373,83.11350426,208,4,6,0,98,High,45.73
Town,Retail,39,27,6.03,5,98.44709167,0.041838334,88.81710225,188,15,7,1,71,High,51.96
Town,Education,42,34,8.31,4,84.38984304,0.190378884,61.3551368,148,14,13,0,63,Medium,38.55
Town,Finance,34,15,7.99,2,77.61426192,0.151892428,66.61140466,163,1,10,0,98,Medium,35.36
City,Education,42,32,7.7,3,77.23146372,0.106613832,67.48576265,174,8,8,0,63,Medium,37.27
Town,Retail,29,21,7.36,4,90.33437986,0.047024909,99.0889539,226,6,12,0,93,High,47.74
Village,IT,28,5,7.15,3,84.85518915,0.150691836,65.88962259,121,3,6,0,65,Medium,37.78
Town,IT,44,6,8.59,4,63.47855934,0.346379775,37.97870496,101,19,4,1,82,Low,29.02
Town,Retail,53,22,7.33,1,84.75927594,0.188023067,75.82280235,127,17,12,1,62,Medium,44.17
Village,IT,32,18,7.42,5,83.15053031,0.137322447,72.56343428,146,3,14,0,87,Medium,38.75
Town,IT,43,14,8.14,3,93.40274982,0.062083263,97.81990749,219,12,4,1,98,High,51.46
City,IT,43,10,7.75,4,81.85422635,0.146706316,76.56415765,174,0,9,1,61,Medium,40.47
City,Finance,46,13,9.47,5,90.61505736,0.005133437,87.60300284,201,2,10,0,87,High,45.14
City,Finance,43,31,5.39,3,69.9822357,0.273655543,37.3158036,94,15,5,1,88,Low,30.76
Village,Healthcare,49,30,7.86,2,92.21123263,0.027426185,90.95223968,220,3,4,0,82,High,46.27
Town,Education,50,3,6.65,4,75.19883019,0.123012637,68.00158127,143,15,12,1,82,Medium,39.99
City,Retail,34,30,6.37,2,82.15035061,0.168252316,74.57619467,164,18,11,1,78,Medium,43.55
Village,Retail,39,6,6.95,1,67.14298083,0.269177461,51.43076983,76,0,10,1,54,Low,29.77
Town,Retail,23,29,7.57,2,97.07862103,0.015329616,98.29503663,200,4,8,1,55,High,51.51
Village,Healthcare,50,8,7.62,2,79.80361723,0.136285866,67.57153855,128,18,2,1,80,Medium,41.75
City,Finance,42,33,5.68,4,82.27997374,0.218191138,64.32902057,158,10,2,1,65,Medium,39.43
City,Healthcare,36,17,6.85,1,96.53698693,0.077393613,96.27658263,230,12,14,1,80,High,51.94
City,Retail,48,11,7.84,2,92.4384273,0.015257422,97.18378077,224,19,6,0,74,High,50.91
Village,Education,52,13,6.45,5,78.44779028,0.235511163,61.9830577,120,4,6,0,97,Medium,34.43
Village,IT,36,11,6.16,3,98.50267394,0.070636877,85.80957918,205,3,5,0,95,High,46.69
City,Finance,44,31,4.79,2,85.11235636,0.12856855,68.40096662,166,3,2,0,82,Medium,38.6
Village,Finance,45,28,6.7,1,94.70920826,0.091784742,87.74134627,211,3,13,1,62,High,47.73
City,Healthcare,34,6,6.12,2,64.62411846,0.339303358,55.29393134,118,3,12,1,59,Low,29.7
City,Finance,43,16,6.32,3,73.92336048,0.393485629,54.4608959,61,19,6,1,73,Low,34.96
Town,Retail,58,4,7.17,1,61.48014385,0.349721164,38.29924525,62,17,4,0,59,Low,26.03
Village,Retail,54,26,6.78,4,86.21133293,0.237738725,71.45707297,159,17,6,0,90,Medium,41.24
City,Healthcare,24,12,6.1,1,75.30277789,0.172538957,69.51990018,129,15,1,0,80,Medium,37.82
City,Retail,40,11,4.96,4,90.93467937,0.050785014,83.24471096,234,8,5,1,62,High,47.12
Village,Education,44,25,7.86,1,70.95354132,0.32961259,47.10519744,112,17,13,0,52,Low,30.86
Town,Healthcare,50,18,8.4,3,82.44737978,0.176694704,78.13362869,167,1,7,1,99,Medium,40.86
Town,Education,51,19,7.02,3,92.2488678,0.051944879,91.25377512,221,3,0,0,83,High,46.1
City,IT,46,23,7.18,1,72.62971134,0.387618433,56.98921262,65,11,3,1,98,Low,33.54
Village,Education,58,18,7.5,2,67.84338049,0.288250548,37.61395667,100,6,10,0,77,Low,26.23
Town,IT,29,26,9.39,3,83.40354246,0.117708176,61.06922477,163,14,0,1,68,Medium,40.93
Village,IT,37,6,5.62,4,63.07013396,0.355934875,52.69689532,78,6,13,0,72,Low,27.13
Village,Education,29,4,7,4,67.21118127,0.352856084,48.8364405,81,16,0,0,94,Low,29.64
City,Healthcare,22,29,5.43,5,93.98149494,0.057996782,98.96106564,209,15,9,1,81,High,52.49
Town,Retail,26,34,7.93,4,68.22050779,0.32147341,39.44551272,72,18,11,1,62,Low,30.77
City,Retail,24,17,7.33,5,75.33565626,0.146953803,75.5774948,132,8,13,0,82,Medium,37.9
Town,IT,22,16,7.74,1,88.47290187,0.16935334,67.84072894,166,13,13,1,83,Medium,43.09
Town,IT,25,2,7.68,1,80.36342007,0.225335606,78.37705093,133,16,10,0,82,Medium,40.79
Town,Healthcare,56,34,8.69,1,69.2374918,0.297861246,52.24820052,85,4,7,1,54,Low,31.08
Town,Finance,53,8,8.15,2,95.52018172,0.023094166,94.87005072,222,1,6,0,52,High,47.69
Town,Education,55,13,8.5,2,94.00845236,0.020676052,83.99370852,231,19,11,1,56,High,50.69
Village,IT,46,8,6.22,5,97.15635551,0.080005441,86.92214482,201,15,9,0,73,High,48.82
City,Retail,31,30,8.93,4,88.52174285,0.241245228,76.43618807,143,13,12,0,71,Medium,42.09
Village,Healthcare,42,32,6.63,4,95.54909834,0.018804109,97.19331095,217,13,0,0,94,High,50.61
Town,Education,48,30,6.7,1,80.90456972,0.122020245,69.10088474,125,0,10,1,72,Medium,38.92
City,Healthcare,48,1,7.83,3,92.15085229,0.027186073,83.39410478,190,2,13,0,79,High,44.53
Town,Education,23,17,7.86,2,97.93010308,0.013264387,90.37277381,227,6,12,1,67,High,50.62
City,Education,34,20,6.21,2,70.30309549,0.270741329,58.01916272,83,14,1,1,81,Low,34.82
Village,IT,30,24,7.29,1,67.76578847,0.336291939,33.79541367,95,18,3,1,56,Low,29.37
City,Healthcare,57,22,9.29,2,76.93729988,0.21222427,68.92343088,156,19,0,0,82,Medium,38.61
City,Healthcare,43,29,5.74,1,85.44756852,0.190691907,73.04096552,156,1,2,1,54,Medium,40.6
City,Retail,47,22,9.28,5,83.70747674,0.159303477,74.59592859,157,18,7,1,98,Medium,44.1
City,Retail,33,9,7.21,4,60.46167721,0.377783197,49.83672099,75,8,7,1,77,Low,27.96
City,IT,38,10,4.69,3,96.59378929,0.034916039,93.40639268,192,18,7,0,57,High,50.99
Town,IT,35,28,5.86,4,99.31019276,0.084141644,92.94893848,181,4,5,1,64,High,50.42
City,Finance,35,28,6.34,4,81.8859962,0.215270169,64.21129898,131,17,5,1,53,Medium,40.71
City,Retail,55,21,6.75,5,63.4650858,0.261948376,32.02686254,68,15,4,1,83,Low,27.85
Village,Education,41,24,7.37,2,95.75520217,0.092526464,82.93793138,191,3,12,1,54,High,47.07
City,Healthcare,32,2,4.26,3,96.57065183,0.073230419,87.10810814,187,11,8,0,82,High,47.94
Village,IT,37,8,7.72,2,83.87677078,0.214133721,78.73453064,154,6,3,0,54,Medium,40.03
Town,Healthcare,52,27,6.23,4,66.67572885,0.373395441,37.86941202,112,13,9,1,87,Low,28.49
City,Healthcare,27,22,9.17,1,94.21376941,0.079383591,89.29699607,219,11,14,1,83,High,49.62
Village,Finance,40,27,7.18,4,63.59477322,0.255232046,41.89780501,95,2,11,1,75,Low,27.35
Village,Retail,58,29,8.63,2,65.11341882,0.308917847,50.17358185,104,4,11,1,50,Low,29.32
Town,IT,25,3,8.83,4,60.73143817,0.264331581,49.10713334,112,16,11,0,53,Low,28.64
City,Healthcare,25,13,8.8,1,77.95621252,0.175319746,60.38022275,128,9,6,0,88,Medium,35.56
City,IT,41,10,6.82,5,97.62998898,0.058457647,80.7623649,188,9,0,0,75,High,46.74
Village,Education,31,9,6.8,2,82.19643147,0.185972387,77.58928217,176,10,14,0,82,Medium,40.39
City,Finance,45,27,7.23,4,93.27440563,0.013583243,84.73851841,188,16,8,1,82,High,50.07
Village,Education,56,34,8.26,2,92.00008921,0.013084236,93.51623271,183,4,6,1,57,High,49.05
City,IT,47,1,6.89,5,94.29190582,0.030481314,85.12975046,192,12,9,0,69,High,47.49
Village,IT,58,32,7.36,4,73.8093504,0.33003846,33.28006694,73,9,11,0,65,Low,27.33
City,Retail,59,25,7.83,4,60.44887775,0.262480272,38.5084882,96,8,8,1,70,Low,26.85
Town,Healthcare,42,29,6.41,2,96.96795514,0.059603016,89.20772351,183,16,6,1,94,High,51.61
City,Healthcare,42,7,6.34,2,92.74687494,0.064864566,94.43107765,200,0,1,1,75,High,48.14
City,Education,31,3,7.31,1,69.49923897,0.279761515,44.32562822,111,3,14,1,72,Low,29.56
Town,Finance,59,20,7.47,5,98.82166724,0.05748695,87.96012875,180,3,5,1,67,High,49.34
City,Healthcare,25,20,8.02,1,96.61265306,0.040934492,97.90825422,180,17,9,0,80,High,51.63
Town,Retail,41,30,8.31,4,96.036321,0.091642219,81.00044534,192,8,11,0,91,High,45.77
City,Education,38,27,6.18,2,72.46026462,0.286743026,51.1612892,91,17,10,1,61,Low,34.54
Village,Education,28,26,6.53,4,99.96450505,0.07872503,88.17482074,221,13,3,1,50,High,51.53
Village,Retail,25,14,6.34,4,69.94340679,0.267309979,41.79746945,76,14,2,0,91,Low,29.5
City,Finance,50,17,9.19,3,90.84728683,0.062297289,80.13571106,207,5,1,1,58,High,45.74
City,Retail,35,18,7.36,3,84.04332144,0.245934158,61.058975,126,9,5,0,52,Medium,36.82
City,Finance,24,29,7.52,4,71.73901387,0.392438015,55.21123259,61,14,7,0,75,Low,31.46
Village,Retail,45,20,7.57,2,82.84755093,0.149811084,62.94389392,156,3,5,0,58,Medium,36.61
City,Retail,58,27,6.64,4,93.66493579,0.055957484,93.31018818,205,17,8,0,91,High,49.69
Village,IT,37,18,9.38,3,84.70160511,0.100753826,68.12864568,127,17,13,1,65,Medium,43.48
Town,Education,25,4,7.99,2,60.48305427,0.293218769,52.28498911,117,16,4,1,73,Low,30.92
Village,Retail,45,1,7.55,4,82.23571475,0.139504543,63.98742887,121,11,1,0,99,Medium,38.32
Village,Retail,55,1,6.17,5,78.66274729,0.174445541,67.9491194,130,6,7,1,63,Medium,38.7
Town,Healthcare,51,26,6.11,5,70.08930236,0.333221014,42.26341759,93,15,8,1,52,Low,31.19
Village,Education,39,20,7.13,4,82.87737357,0.244658388,64.12725788,170,10,13,1,83,Medium,39.31
City,Healthcare,40,23,6.66,2,84.42748071,0.2336924,75.27380947,167,13,9,1,82,Medium,42.72
City,Education,52,10,6.22,4,79.14296889,0.207557191,61.60114062,137,2,3,0,99,Medium,34.44
Village,Healthcare,40,11,7.05,4,86.22446384,0.212241523,75.08715189,132,18,5,1,73,Medium,44.42
City,Retail,40,5,7.24,3,97.17760545,0.067981813,96.61844982,192,17,14,0,58,High,51.28
Village,Retail,43,1,7.67,5,97.42730729,0.041430831,89.47138997,191,9,10,0,62,High,48.59
City,IT,45,17,6.9,3,82.81738269,0.237602335,67.43811488,177,5,9,1,51,Medium,39.03
City,Healthcare,33,22,6.29,3,72.7438048,0.344578171,46.81483142,91,12,7,0,56,Low,30.18
Village,Finance,51,34,6.33,4,93.28147181,0.09081896,81.93904247,198,9,8,1,97,High,47.35
City,IT,59,29,8.96,3,94.71540127,0.014983813,85.27921708,223,17,11,1,70,High,50.81
Village,Healthcare,52,4,6,5,62.96838991,0.254431295,42.58412224,91,19,4,0,68,Low,28.7
City,Healthcare,57,5,7.94,3,82.60508132,0.103071563,69.9156271,176,15,11,1,74,Medium,42.81
City,IT,40,11,8.12,5,95.31910697,0.009185034,88.90037367,226,5,5,0,96,High,47.38
Town,Retail,57,21,7.35,3,96.86886078,0.077640332,86.22678486,212,12,10,0,71,High,48.02
Town,Healthcare,51,12,9.62,5,61.44258371,0.284117238,30.09052789,82,3,3,1,60,Low,24.24
Village,Retail,54,26,8.1,3,61.52050363,0.320919002,49.63669717,98,13,4,1,82,Low,29.82
Town,IT,39,19,9.71,3,98.23980389,0.067710128,83.97834719,211,0,6,1,81,High,47.68
Village,Retail,49,7,6.72,2,75.1705177,0.199200717,65.49769579,134,19,8,0,70,Medium,37.51
Town,Education,32,7,6.74,5,94.27408288,0.013479783,98.27339195,229,4,9,1,88,High,50.7
City,Finance,54,26,8.13,5,94.40148447,0.051242855,93.45427223,226,7,10,0,69,High,47.99
Village,Healthcare,38,5,7.19,5,64.95027604,0.369573266,42.84265573,70,11,12,0,57,Low,26.59
Village,Finance,27,21,9.52,1,85.38529065,0.213505737,72.67120235,171,1,5,1,91,Medium,40.29
City,Retail,25,14,7.91,3,88.6874418,0.218000042,74.62873528,129,11,13,1,86,Medium,43.61
Village,Healthcare,41,4,6.25,5,67.69970581,0.323768595,46.39823462,104,4,5,1,58,Low,29.2
Village,Retail,48,23,5.42,1,68.39606616,0.2766358,38.80825958,109,4,7,0,74,Low,26.36
Town,Education,36,20,7.41,2,90.66627998,0.097607969,99.13983538,218,12,10,1,74,High,50.54
Village,IT,27,15,7.39,5,97.50092413,0.084295039,89.40191917,213,8,3,0,82,High,47.98
City,Healthcare,35,29,7.88,5,86.6224814,0.242591766,72.05080042,123,9,2,1,51,Medium,41.82
Town,Education,32,8,8.95,1,83.11291856,0.199769929,68.33926606,136,0,13,1,68,Medium,38.66
Town,Education,30,19,8.79,3,72.18560648,0.333734763,39.41916855,105,2,6,0,95,Low,26.65
City,Healthcare,47,28,6.81,2,84.45566212,0.148544369,61.51319052,154,17,4,0,69,Medium,39.62
City,Retail,37,27,5.95,5,93.25132928,0.047111035,96.37475981,239,11,1,1,91,High,51.08
Town,Education,26,4,6.02,3,86.69033024,0.122111918,73.45522851,176,2,1,1,90,Medium,41.95
Village,Finance,31,15,6.62,2,93.97487992,0.02171404,87.47281637,215,8,10,1,91,High,49.16
Town,Education,24,1,7.06,4,62.51854846,0.387166702,51.78327007,78,1,5,1,78,Low,27.47
City,Retail,34,3,7.87,4,87.11981389,0.104816437,72.23349062,163,2,7,1,55,Medium,42
Town,Retail,51,24,6.54,2,60.75557666,0.364445408,50.40173618,76,13,0,0,66,Low,27.29
City,Finance,27,27,7.84,1,99.27810062,0.03326566,90.06418834,190,3,14,0,74,High,48.14
Town,Education,38,34,7.93,2,94.16834615,0.05602094,88.58642684,225,18,10,0,87,High,49.1
Village,Retail,40,29,7.67,2,78.64295915,0.126556494,60.54188047,127,12,5,0,53,Medium,36.89
Town,Healthcare,56,24,6.15,1,68.28239052,0.251809378,30.99445867,75,6,11,1,79,Low,27.4
Town,IT,47,24,8.06,1,72.77121471,0.383919391,48.96313324,81,11,1,0,69,Low,30.02
City,IT,26,4,10,3,63.78348425,0.325696158,58.29151444,61,2,1,0,52,Low,27.96
City,IT,50,3,7.8,3,87.53148716,0.198886681,66.55095164,162,8,6,0,72,Medium,39.25
City,Education,58,34,3.96,1,79.35671043,0.215498842,76.46851604,157,1,9,1,67,Medium,39.21
Town,Finance,41,23,8.99,4,72.90737882,0.271115569,36.52200737,85,8,0,0,75,Low,28.1
Village,Retail,42,23,6.66,4,68.72426455,0.320393487,33.38148603,94,11,5,1,85,Low,28.33
City,Healthcare,31,5,10.22,2,90.25447143,0.064274605,97.85485086,192,11,13,0,57,High,48.28
City,Healthcare,26,31,7.64,5,94.60206618,0.090376726,88.19695346,203,14,6,1,66,High,50
Town,Education,57,6,5.48,2,61.91686354,0.301152564,35.44411419,113,1,13,0,80,Low,22.9
City,IT,27,10,5.02,2,82.3747647,0.147507568,64.90500519,174,17,7,1,86,Medium,41.69
Village,Education,47,7,9.35,5,83.16473227,0.134494212,62.81454452,132,12,6,0,94,Medium,38.62
Village,Finance,25,21,8.83,1,63.40582318,0.381606178,51.54435288,94,13,5,1,82,Low,30.15
City,Finance,56,20,10.17,4,98.94054605,0.093634275,96.1474188,233,4,8,1,76,High,50.87
City,Retail,22,3,7.51,2,90.86747768,0.033700279,82.5800835,218,9,12,0,94,High,45.33
Town,Retail,45,22,7.43,5,62.83719691,0.316323117,31.64837655,92,11,2,1,53,Low,26.26
Village,Finance,57,4,7.04,3,99.08824031,0.002117236,86.96026708,203,9,10,1,71,High,50.98
Village,Finance,27,28,6.71,2,81.95833107,0.104809528,71.63391449,133,10,5,0,75,Medium,39.92
City,Finance,52,12,7.03,4,83.65261151,0.109464202,62.04925975,135,1,3,0,81,Medium,36.67
Town,Education,41,5,7.76,1,63.09787227,0.274212548,40.78784803,68,4,1,1,73,Low,27.17
Village,Finance,45,13,6.49,2,99.78578395,0.096544222,88.32521999,196,6,0,0,95,High,47.92
Village,Healthcare,46,23,5.5,2,79.23629014,0.140317195,70.11267034,142,5,11,0,84,Medium,37.45
Town,IT,57,30,7.69,5,68.64580238,0.397212358,39.79492363,113,2,11,0,86,Low,25.03
Town,Finance,42,25,6.46,3,81.75507828,0.151165407,70.29031379,154,12,13,1,81,Medium,41.54
Village,IT,51,27,3.61,3,93.19618126,0.016762156,85.25761404,198,2,0,1,56,High,47.33
Village,Education,45,14,8.16,1,63.98798583,0.253636039,48.12556417,61,5,10,1,82,Low,29.31
Town,IT,51,16,6.17,4,91.71693993,0.010253454,92.25185617,211,10,9,1,80,High,49.95
Village,Education,43,22,8.29,1,73.41371914,0.251578907,58.72085207,75,16,2,1,61,Low,36.48
City,Healthcare,49,21,8.27,2,72.46933346,0.357779698,32.11608165,72,9,3,1,60,Low,28.42
City,Education,28,21,7.84,2,91.45491447,0.083733015,80.31125093,220,11,1,1,73,High,46.95
Town,Education,56,8,10.5,3,84.54566245,0.249025234,64.41437537,160,16,12,0,57,Medium,39.02
Town,Retail,49,16,7.33,4,66.16178775,0.268495871,44.10695174,116,3,11,1,81,Low,28.63
Town,Finance,35,31,7.16,5,61.66920009,0.347363761,46.44772955,83,1,10,1,87,Low,26.55
City,Finance,31,10,8.32,4,93.07432533,0.028797861,98.30064847,184,10,10,0,71,High,49.37
Village,Healthcare,37,32,7.43,2,93.97591869,0.062492247,95.59637351,239,6,13,0,83,High,47.99
City,Healthcare,37,34,8.89,5,72.43465934,0.37821192,54.50736749,80,1,10,0,68,Low,29.08
Village,Finance,52,9,5.98,4,98.88693215,0.024022717,85.60432814,231,17,0,1,69,High,52.04
City,Retail,46,17,6,4,81.85904455,0.180815888,64.89548344,173,3,3,0,63,Medium,36.4
Village,Finance,34,11,8.42,5,63.24506389,0.385209991,54.18358141,111,7,14,1,82,Low,29.4
City,Retail,27,32,6.1,2,98.10469617,0.082805954,88.23127544,201,19,6,1,59,High,52.13
Town,Healthcare,30,10,8.23,4,72.81667634,0.268841906,42.1349569,60,13,9,1,65,Low,32.21
City,IT,57,22,7.94,5,81.23668756,0.231050909,68.77485426,170,11,10,0,53,Medium,38.09
Village,Healthcare,41,17,6.67,2,78.18487247,0.171343092,68.06352956,170,17,5,0,76,Medium,38.83
City,Healthcare,39,4,7.94,5,90.64834219,0.076265256,88.54883842,219,10,5,1,77,High,48.23
City,Education,42,25,6.02,5,94.39655734,0.044628667,88.21843139,189,7,10,1,92,High,49
City,Education,25,21,6.3,4,65.43057941,0.306393986,48.56141511,63,1,8,1,65,Low,28.5
Town,Education,54,1,7.22,2,62.06533368,0.264482572,30.38926454,84,14,13,0,82,Low,24.89
City,Education,48,25,7.59,4,91.36233652,0.063040093,86.02451496,215,8,14,1,97,High,47.67
Town,Retail,28,17,7.14,1,69.51969968,0.262862658,43.36670241,111,18,1,0,68,Low,30.55
Town,Finance,27,24,8.02,1,97.17434451,0.076265349,84.02922992,230,19,3,1,70,High,51.09
City,IT,36,2,7.97,2,70.03175096,0.339689414,36.14217937,110,7,4,0,71,Low,26.29
City,Healthcare,39,15,9.34,5,64.50047469,0.27394449,35.95030217,70,18,0,1,58,Low,29.43
City,Retail,53,32,7.39,4,69.02388416,0.359252926,43.86481355,111,4,7,0,58,Low,26.73
Village,IT,32,6,8.93,4,73.66376367,0.299682072,33.44101539,61,10,7,0,58,Low,27.82
City,Retail,41,1,8.6,2,98.90826754,0.097649003,94.00429318,216,14,5,0,76,High,50.39
Town,Retail,45,23,10.25,2,91.663117,0.070538056,85.83155434,221,7,11,0,66,High,45.45
City,Healthcare,36,17,7.35,1,85.15134426,0.244754743,64.94754982,141,18,4,0,93,Medium,39.75
Village,Finance,28,34,7,3,83.83358623,0.170947147,72.77017474,169,7,7,0,94,Medium,39.47
City,Education,42,29,9.01,2,91.93738933,0.026175287,90.25181851,216,18,2,1,57,High,51.06
Village,Finance,47,9,7.96,3,95.89133403,0.064766936,89.03483507,239,17,2,1,65,High,51.43
Village,Healthcare,35,13,9.04,2,83.12867665,0.215963521,66.32078674,120,9,1,1,67,Medium,39.89
City,Healthcare,58,6,8.36,5,60.23689881,0.304743578,37.9375876,90,6,4,1,82,Low,25.85
Town,Healthcare,42,6,4.97,5,66.6573713,0.297726281,37.73439949,90,8,2,0,50,Low,26.2
Village,IT,39,20,7.95,1,91.29762233,0.075006132,81.98457792,220,0,2,1,61,High,45.13
City,Finance,26,3,7.87,1,75.27862077,0.204854112,64.80532431,172,18,14,0,55,Medium,37.17
City,Finance,24,17,7.66,3,86.10211423,0.238365342,72.6591326,174,4,5,0,90,Medium,38.85
Town,Retail,44,12,7.34,2,68.23039969,0.325209472,55.32814077,102,18,7,0,54,Low,31.93
Village,Retail,47,1,5.59,4,78.79488186,0.145636947,69.7751132,164,0,1,1,65,Medium,38.21
Village,Retail,58,17,8.55,1,88.19268293,0.223463129,60.7974818,156,14,3,0,67,Medium,39.25
City,Healthcare,45,3,7.95,4,65.57134279,0.296522083,43.08876503,87,15,10,1,98,Low,30.36
City,Finance,40,26,8.82,4,68.56207164,0.366864092,50.85196682,100,6,6,1,67,Low,30.31
Town,Healthcare,46,15,5.65,2,99.2223087,0.048023671,92.47484491,221,11,0,1,50,High,52.07
Town,IT,42,32,8.11,3,96.03726718,0.080041086,91.69983497,237,7,0,1,68,High,49.85
Village,Retail,33,32,7.22,2,80.24623432,0.238829398,75.74966793,132,4,11,1,57,Medium,39.69
Village,Healthcare,54,4,7.67,1,73.88004368,0.356982851,34.75689121,111,9,12,0,52,Low,27.39
City,Healthcare,25,18,7.23,4,96.19093095,0.014369161,90.44746528,185,4,9,0,74,High,47.68
Village,IT,28,19,8.15,2,87.36367169,0.186556279,66.72637312,172,16,6,1,54,Medium,42.96
Town,Education,43,14,7.3,2,88.6957728,0.231115569,66.8223448,141,4,13,0,89,Medium,38.52
Town,Finance,54,33,6.24,2,78.5138108,0.210772596,75.31556114,122,14,6,1,68,Medium,41.36
City,Education,38,14,7.6,1,93.67985077,0.007763189,94.26923897,220,12,0,0,67,High,49.37
Town,Retail,45,34,7.24,3,72.71248827,0.285353067,56.33949809,85,0,0,0,99,Low,30.26
Town,Healthcare,55,4,7.4,2,94.17387128,0.029754676,98.25402021,227,10,3,0,80,High,49.7
Town,IT,49,24,3.67,1,60.74962511,0.356390802,45.43122288,93,0,4,0,82,Low,23.79
Town,IT,43,29,8.32,4,67.7657116,0.26205053,52.91482522,72,10,4,0,96,Low,30.32
City,Finance,38,19,7.12,5,95.52841796,0.025324536,99.1124276,228,17,3,0,67,High,51.72
City,Education,55,6,5.88,1,97.86548936,0.097387777,81.19251049,180,17,7,0,88,High,48.1
Village,Finance,27,33,8.61,5,78.25822339,0.173702364,76.57684494,149,15,6,0,65,Medium,40.12
Town,Healthcare,27,19,8.26,2,68.58823662,0.303070425,39.67483184,78,12,8,0,65,Low,27.91
Village,Finance,55,1,7.11,2,77.32979998,0.217955108,64.75107841,125,6,6,0,96,Medium,35.22
City,IT,22,5,6.12,1,70.92728806,0.293021894,41.67090901,117,0,14,0,87,Low,26.73
City,IT,31,27,7.71,5,95.65644882,0.014206161,94.09591672,228,15,9,0,90,High,50.47
City,Retail,42,16,7.65,2,66.08450715,0.323213839,56.89526226,73,0,0,0,56,Low,28
City,Retail,26,6,8.61,4,94.92081705,0.053136083,84.02500729,199,16,12,1,63,High,50.03
City,Healthcare,23,13,6.97,3,76.49636725,0.223166579,68.27459552,122,5,13,0,92,Medium,35.42
City,Education,43,19,8.93,3,68.71676438,0.347913963,52.31247753,97,1,6,0,97,Low,27.84
City,Finance,23,12,6.85,2,96.3377904,0.088013135,97.75507019,218,16,0,0,74,High,50.86
Town,Healthcare,31,16,5.89,5,97.77445628,0.038308028,86.60761869,189,5,6,0,81,High,47.35
Village,Retail,55,10,6.14,2,71.45959612,0.304937951,47.44490669,80,13,9,0,87,Low,30.51
City,Finance,37,25,7.43,5,65.11035426,0.385671089,44.59362202,74,17,7,0,71,Low,28.03
Town,Retail,43,20,7.42,4,91.31215483,0.059150953,92.65998888,181,5,10,1,65,High,48.41
Town,Finance,33,31,7.89,5,82.18297192,0.22210251,74.76034621,136,9,8,1,78,Medium,41.24
Village,Education,45,4,7.39,2,86.97124129,0.198724371,68.25404193,162,17,11,1,65,Medium,43.22
City,Healthcare,59,23,8.67,4,98.93443465,0.01941527,82.60911273,200,8,2,0,61,High,47.69
Village,Finance,31,2,7.19,1,79.33358789,0.185366047,64.6738594,158,7,14,0,66,Medium,36.35
City,IT,56,22,5.1,3,67.58361554,0.34696026,45.81552271,111,9,3,0,86,Low,27.81
Town,IT,53,8,7.35,2,98.4750062,0.033303924,87.99924249,219,16,3,1,76,High,52.1
Town,Finance,28,7,5.09,2,95.02639805,0.049181132,83.43578219,223,5,11,0,74,High,45.8
Town,Finance,42,14,7.83,2,96.08684221,0.039940166,92.90019631,190,13,8,0,62,High,49.69
Town,Finance,41,3,8.77,4,77.14358824,0.140390564,71.2212035,137,5,12,1,57,Medium,39.04
Village,IT,47,16,6.32,1,77.47459614,0.229749096,70.6950967,132,6,6,1,54,Medium,38.34
City,IT,25,19,9.2,5,78.32244786,0.143299945,77.82176944,155,11,2,0,61,Medium,39.89
City,Finance,43,18,8.51,1,67.75376409,0.307418925,34.56093249,95,2,9,0,90,Low,24.6
Village,Retail,36,16,8.95,4,67.83022621,0.278111693,42.99857088,95,13,4,0,52,Low,28.81
City,Retail,42,8,7.73,2,70.44033641,0.280790751,38.49426665,88,18,6,0,84,Low,29.66
Town,Education,36,33,6.31,3,64.53053257,0.375798573,33.00372042,64,15,7,1,82,Low,27.23
City,Healthcare,43,12,8.44,2,92.96620862,0.088944676,99.98729864,193,6,0,0,71,High,48.28
Town,Retail,49,11,6.75,5,66.60712312,0.38618359,40.53248669,83,7,11,0,99,Low,25.66
Village,IT,35,5,7.64,3,93.88656002,0.043296755,82.88271328,195,17,1,1,93,High,49.79
City,Retail,48,27,7.29,2,73.03482643,0.34351572,39.96577194,115,12,6,0,58,Low,28.92
Village,Education,49,12,8.85,3,63.73318669,0.357414022,41.43348883,115,8,10,0,90,Low,25.48
City,Education,47,17,8.38,1,73.23052452,0.257240783,30.02964669,71,9,14,1,67,Low,29.23
Town,Healthcare,23,6,7.4,4,73.33487821,0.375245432,56.18412932,89,8,12,1,99,Low,33.12
Village,Retail,46,33,5.16,2,79.05632641,0.140426593,62.75220372,157,14,13,0,78,Medium,37.73
City,IT,24,5,6.74,5,75.28330726,0.178598975,69.59609821,133,19,12,1,88,Medium,40.57
Town,IT,29,28,8.35,1,75.28688866,0.102521092,69.88404109,122,1,14,1,76,Medium,37.79
Village,Finance,54,14,7.84,2,65.1643553,0.313593427,40.45545462,66,12,1,0,85,Low,26.93
Village,IT,56,5,5.7,1,90.52087907,0.043604158,92.46294735,225,1,6,1,94,High,47.51
City,Healthcare,27,33,5.33,5,86.28299415,0.119831728,73.5643771,178,18,14,0,66,Medium,43.07
City,Healthcare,44,19,7.73,2,87.74484885,0.149011159,69.47587694,167,1,8,0,83,Medium,39
City,IT,46,22,6.23,5,64.97611353,0.287726956,50.14548016,88,2,10,0,95,Low,27.08
Town,IT,40,5,6.35,3,94.14698118,0.008234216,92.13051734,235,5,1,0,52,High,47.69
City,Finance,26,2,8.31,5,90.09959741,0.093711249,92.55239748,205,2,6,1,54,High,47.09
Village,IT,32,30,8.94,3,76.97632446,0.103836847,75.13746468,135,9,3,0,63,Medium,38.94
Village,Finance,33,4,6.6,2,91.37728302,0.061216622,83.33091177,213,5,10,0,52,High,44.56
City,Finance,31,33,7.45,3,83.26162991,0.144706255,60.66623403,168,15,12,0,72,Medium,38.73
City,IT,29,13,7.41,2,63.01308903,0.259889333,45.42288181,106,16,1,0,88,Low,28.63
Village,Education,45,20,7.3,2,97.96300186,0.043173282,89.05996202,234,18,12,1,79,High,52.47
Town,Education,49,7,7.55,4,68.95386937,0.260079636,37.34141164,84,2,6,1,99,Low,27.99
City,Finance,57,15,8.41,2,67.78480269,0.299046643,42.8322481,98,17,12,1,94,Low,31.35
City,IT,58,23,6.69,3,93.30111798,0.032229747,91.15605362,185,6,4,0,72,High,47.18
Village,Education,42,14,5.67,4,97.39796372,0.070593662,90.68379784,185,8,0,1,76,High,50.33
City,IT,29,23,9.53,4,99.92126471,0.008961372,82.53124273,209,19,4,1,59,High,52.28
Town,IT,30,19,8.81,2,97.64245621,0.058255384,81.4201356,232,11,11,0,74,High,47.29
Village,IT,36,29,6.18,5,87.14580202,0.106469168,70.90505804,159,4,11,1,62,Medium,42.13
City,Retail,39,20,7.66,5,73.34355519,0.258120161,47.30884896,80,2,2,0,65,Low,29.32
Village,IT,41,29,8.71,4,93.30632955,0.009031856,91.25308239,216,10,6,1,90,High,50.24
City,Retail,27,24,8.4,2,86.47325086,0.223795234,61.26179799,168,3,5,1,83,Medium,38.63
City,Finance,33,18,8.05,5,97.67278301,0.090537319,88.18941484,200,4,7,1,86,High,48.92
City,Education,23,10,7.3,2,87.11601167,0.144475236,63.02637771,165,0,12,1,71,Medium,39.36
Town,Education,28,8,9.57,2,94.01898708,0.057571931,91.66772465,218,17,4,0,66,High,49.45
Town,Education,37,26,7.77,4,76.02272488,0.156729202,73.49055761,152,11,1,0,72,Medium,38.2
Village,Education,24,29,6.88,4,79.33670416,0.245694619,62.23934206,154,12,8,1,85,Medium,38.26
City,Education,24,10,8.55,1,91.90383271,0.094094619,90.42297811,220,8,13,0,98,High,46.41
City,Education,48,17,7.62,5,69.87158405,0.37754481,42.58806137,81,1,10,1,58,Low,27.94
Town,Education,59,2,7.92,5,83.264187,0.19450107,76.06296483,157,4,7,1,51,Medium,41.11
City,Finance,54,6,7.74,5,62.6878873,0.283731264,37.87479829,102,12,5,1,81,Low,27.99
Town,IT,49,5,8.1,3,73.67075887,0.385275747,33.69378904,79,15,12,1,99,Low,30.02
City,Healthcare,22,28,6.33,2,62.57219676,0.30682712,55.93710921,61,15,9,1,71,Low,31.92
Village,Retail,29,5,5.76,4,67.75370516,0.329466237,39.33037387,76,2,6,1,92,Low,27.33
City,Healthcare,58,18,9.22,5,64.49430137,0.283742507,55.45713287,89,3,8,0,62,Low,28.24
City,Healthcare,53,26,7.8,1,97.76768271,0.062584667,88.18287576,236,10,6,0,57,High,48.44
Town,IT,58,20,8.43,5,81.93777967,0.10268103,66.35973105,149,13,2,1,50,Medium,41.49
City,IT,25,27,5.39,2,96.09568534,0.009106618,89.47839522,224,2,5,0,66,High,47.13
City,IT,51,12,8.78,2,77.94884411,0.242326876,66.3752779,169,15,10,1,61,Medium,39.31
Town,Education,27,7,6.87,4,94.0375661,0.020774927,92.97493874,193,14,12,0,53,High,49.48
Village,Finance,40,3,6.53,3,60.33838493,0.295951686,49.31959585,106,9,10,0,62,Low,26.85
Village,Education,53,10,7.42,4,85.52626742,0.121009684,66.61721769,162,8,6,0,80,Medium,39.44
Town,Finance,30,34,6.33,5,71.2141154,0.309581096,36.15323109,111,10,1,1,90,Low,29.55
Town,Finance,33,25,7.5,1,61.88335689,0.275918448,40.37157594,98,15,2,0,56,Low,26.92
Town,Healthcare,32,16,7.34,4,61.53696135,0.335954194,30.68952437,66,9,3,1,72,Low,25.07
Town,Healthcare,37,2,8.77,3,96.53602953,0.08381592,90.504044,191,16,9,1,73,High,51.5
Town,Finance,22,24,9.32,4,67.34563777,0.33326239,51.53126936,96,18,5,1,54,Low,32.82
Village,Finance,42,10,9.28,2,93.04367783,0.068249303,96.95138096,236,1,0,0,54,High,46.92
Village,Education,51,22,4.78,5,81.21522944,0.213264095,74.26541625,166,1,8,0,66,Medium,37.35
Town,Education,34,26,6.38,5,62.35064475,0.312930947,44.0666046,116,5,4,0,79,Low,25.44
City,Healthcare,55,27,4.77,5,73.2316451,0.282168734,32.15061407,100,18,12,1,58,Low,31.22
Town,IT,25,29,6.07,5,66.58403867,0.318821043,58.5256334,118,7,11,1,55,Low,31.94
City,Finance,49,20,6.72,5,88.11363097,0.224042354,76.04410033,126,2,13,0,74,Medium,39.85
Town,Education,59,27,7.99,5,66.95413357,0.340002172,35.24373589,74,13,6,1,68,Low,28.37
Town,Healthcare,52,20,6.88,1,67.54347114,0.316917146,46.3797311,85,15,8,0,65,Low,29.41
Village,Education,48,19,6.91,3,70.00734969,0.359536625,44.86176642,107,0,8,0,70,Low,26.42
City,Finance,26,20,7.72,5,68.24521108,0.27087817,30.09824759,115,2,0,0,51,Low,24.23
City,Finance,46,2,5.45,3,60.97659817,0.31202099,43.39156652,68,17,14,0,59,Low,27.28
Village,Retail,24,30,6.49,5,92.15022569,0.020459361,83.63015923,222,8,0,1,65,High,47.86
Village,IT,54,34,6.9,4,70.47990606,0.315568641,50.4532251,103,5,2,0,86,Low,29.12
Village,Retail,25,22,7.26,5,62.63479974,0.2927917,43.80187422,118,0,5,0,64,Low,24.67
Village,Healthcare,46,3,7.59,2,93.52877351,0.014306068,98.49267355,227,9,1,0,62,High,49.51
City,Education,41,6,9.3,1,79.16986288,0.168387391,61.35292763,137,5,9,0,62,Medium,35.39
City,Healthcare,55,15,8.59,4,93.08566498,0.099189348,80.77233211,181,11,11,0,81,High,45.36
Town,Finance,47,27,6.58,4,88.37137979,0.128952248,76.77209945,172,3,10,0,94,Medium,41.25
Town,Retail,26,10,7.19,2,76.00031933,0.104869021,74.14658028,165,12,0,0,96,Medium,39.05
Village,Retail,56,9,7.1,5,65.1899492,0.277655236,42.84920206,60,16,0,1,95,Low,30.58
Village,Retail,49,33,6.88,1,78.69145642,0.109750823,67.00870274,138,7,12,1,57,Medium,39.37
Village,Healthcare,50,32,7.83,4,83.77049397,0.180711931,72.58153183,159,19,4,1,92,Medium,43.71
Town,Finance,30,6,5.27,1,96.59375187,0.031674718,94.99505757,229,2,3,1,67,High,50.16
Town,Education,59,2,8.56,4,85.66900315,0.245877172,60.71356533,133,11,0,0,85,Medium,37.64
Town,Education,27,29,9.53,5,73.30252995,0.336772354,40.60737405,77,6,3,1,75,Low,29.98
Town,Healthcare,40,4,7.18,4,69.50286377,0.284663338,44.76109992,69,11,2,1,59,Low,31.19
Town,Retail,32,1,7.15,4,63.74982889,0.377688677,34.80068305,86,1,1,1,80,Low,24.54
Town,IT,23,19,7.69,3,66.3803014,0.276556216,48.38602226,68,13,8,0,82,Low,29.45
Town,Healthcare,30,26,8.72,5,75.35021213,0.190581698,62.76101267,169,4,13,1,78,Medium,36.12
Village,Healthcare,42,25,7.11,2,93.64202223,0.020993183,95.52303728,190,8,14,1,54,High,50.67
Village,Finance,45,10,8.62,2,91.45110735,0.049207819,87.87888529,206,10,10,0,62,High,46.6
Village,Education,55,15,8.09,5,97.77161196,0.022898719,90.53284527,208,4,0,1,50,High,50.1
Village,Healthcare,43,22,10.33,2,69.19060125,0.252768584,54.12475385,107,2,6,0,72,Low,29.5
Town,Healthcare,24,21,7.11,5,94.51076072,0.001536625,88.52887611,189,16,13,1,89,High,51.32
City,Retail,33,22,5.13,2,82.80870663,0.197700416,62.92743892,149,1,12,0,52,Medium,35.71
Town,Retail,49,34,5.78,3,75.42847695,0.1424967,69.47403662,140,0,3,1,52,Medium,37.16
City,IT,51,30,7.51,2,97.09895433,0.00478656,88.15720051,219,6,4,1,56,High,50
Village,Finance,47,25,8.73,4,70.35649926,0.287830008,37.55500592,76,13,9,1,85,Low,30.37
Town,IT,42,28,6.72,5,68.22586481,0.303032328,43.99109264,118,4,4,0,84,Low,27.08
Village,Retail,49,1,7.22,1,88.99489876,0.174360069,74.65716979,150,18,0,1,64,Medium,45.55
Town,Education,47,4,8.32,1,77.83182454,0.132090067,60.11027161,134,10,5,0,89,Medium,36.11
Village,Retail,54,7,6.34,5,86.28897393,0.124622161,68.40768015,165,1,12,0,52,Medium,38.59
City,Finance,42,9,6.77,3,88.42661596,0.175360419,77.42259623,130,7,8,0,78,Medium,41.71
City,Retail,56,19,6.1,2,65.05046843,0.350399677,48.34520478,68,8,1,0,79,Low,27.31
City,Finance,55,1,8.91,3,90.08814833,0.071612764,86.88876577,188,2,6,1,88,High,46.17
Town,Finance,39,10,9.35,1,79.74510708,0.222900063,62.48326682,172,1,5,1,67,Medium,36.46
City,Finance,32,9,5.6,5,62.7465285,0.350718705,37.32050463,105,6,4,1,60,Low,26.02
Town,Finance,44,32,7.33,5,69.78892149,0.34671904,41.91346861,91,4,3,0,92,Low,26.69
City,Finance,43,32,9.19,3,90.66797077,0.094234351,99.72633685,213,4,3,1,98,High,49.09
City,Education,38,6,7.98,3,60.89475849,0.274899169,38.72761602,62,19,5,0,87,Low,27.09
Town,IT,26,17,6.91,2,95.95926812,0.06443657,95.15019646,214,12,3,0,89,High,49.66
Town,Healthcare,32,10,5.64,4,92.56150885,0.025460933,98.97727692,211,19,4,0,50,High,51.2
City,IT,51,27,8.88,4,87.45629469,0.205045953,63.83229929,139,5,12,1,78,Medium,40.01
Town,Finance,36,21,7.93,2,84.33058274,0.120208067,67.75183819,139,19,5,1,59,Medium,43.51
City,Education,48,25,5.73,4,76.80008165,0.20461919,69.61838969,123,17,4,0,77,Medium,38.37
Town,Retail,56,28,8.93,1,79.80221667,0.127637421,62.02250419,138,1,6,1,80,Medium,37.33
Village,Education,54,15,5.58,4,63.20519271,0.268243434,40.5383819,112,5,8,1,68,Low,27.43
Village,Finance,41,4,7.24,2,95.48951741,0.079665673,80.87531694,186,8,9,0,52,High,45.7
Village,Education,37,29,7.18,4,98.89931056,0.065087884,89.50493053,213,2,6,0,85,High,47.41
Village,Education,55,9,9.44,5,65.62366796,0.369861013,45.15822067,64,0,6,1,92,Low,27.05
Village,Finance,23,27,7.19,3,76.80338303,0.22829717,71.16088811,169,0,3,0,64,Medium,35.06
City,Education,56,26,7.18,1,96.75046622,0.097910339,94.23905976,220,18,0,0,82,High,50.59
Village,Healthcare,49,19,5.86,5,98.57327824,0.010447299,88.98591642,208,4,13,1,90,High,50.15
Village,Healthcare,27,28,6.73,5,95.56798384,0.070872858,82.68862166,194,12,7,1,92,High,48.98
Village,Education,30,17,6.52,2,82.79476208,0.161688278,68.7464074,131,18,3,0,94,Medium,40.63
Village,Retail,41,20,6.58,3,91.08145942,0.05065012,81.71621543,236,11,0,1,75,High,47.46
Town,Finance,22,23,7.51,3,62.7480208,0.280758264,48.72702757,115,15,4,0,65,Low,28.81
City,Healthcare,29,32,4.58,1,65.16068913,0.259876325,48.0428408,76,18,13,0,85,Low,30.19
Village,Retail,44,33,5.69,2,73.86371896,0.361650526,51.4480082,62,2,13,1,82,Low,31.26
Village,Education,24,5,7.37,1,94.49725411,0.054376246,82.00463756,183,11,7,0,69,High,46.48
Village,Retail,25,34,7.65,4,90.81427689,0.043584037,91.11680975,217,4,3,0,62,High,45.92
City,IT,46,11,7.22,5,68.40283566,0.327047901,50.14171725,78,1,12,0,82,Low,27.51
Town,Healthcare,59,3,7.45,1,69.02774034,0.285167327,51.21663039,117,6,11,1,54,Low,31.35
City,Education,36,33,7.01,5,71.97680337,0.263784414,54.19917223,113,12,7,1,86,Low,34.24
Town,Finance,42,11,7.48,2,94.81539448,0.053139179,86.05495141,189,14,7,1,63,High,50
Village,Education,56,16,8.02,4,63.02313486,0.269178073,39.05977103,83,2,2,0,76,Low,24.46
Village,Finance,35,18,8.01,2,96.67973061,0.053819437,95.84338272,183,19,8,0,72,High,51.51
City,Education,57,30,6.67,4,83.52261655,0.161767304,69.00236026,159,4,2,1,63,Medium,40.11
City,Retail,33,10,8.6,4,73.01196043,0.273042783,35.22052331,72,7,0,1,89,Low,29.65
Town,Retail,38,18,7.69,5,84.11847856,0.130369328,76.91218759,137,0,1,1,53,Medium,41.37
Town,Retail,30,19,8.98,2,96.19966291,0.053561478,81.20440729,239,7,14,0,88,High,46.06
City,IT,56,13,9.22,2,83.52911728,0.141236251,73.61915662,149,17,5,1,68,Medium,43.83
Town,Finance,34,3,5.77,1,84.49943975,0.101511049,69.13935682,139,19,11,0,96,Medium,42.02
City,Retail,36,10,6.47,2,92.14753666,0.083447374,88.4058052,217,15,9,1,53,High,49.58
Town,IT,39,1,8.48,1,63.22120272,0.288397114,30.92852355,62,17,1,0,79,Low,25.69
City,Finance,54,27,5.5,3,62.9244445,0.366271912,42.5593259,66,19,5,0,68,Low,27.55
City,Education,27,8,9.2,3,75.78512237,0.188714524,76.30787937,155,11,13,1,80,Medium,40.37
City,IT,48,17,7.09,3,90.20279974,0.062231536,93.23350121,190,12,0,0,80,High,47.56
Town,Healthcare,44,9,8.19,2,73.52392292,0.386765992,57.52594465,70,12,10,1,58,Low,34.12
Town,IT,48,6,7.36,2,75.81387307,0.239367453,64.22789984,130,9,12,0,62,Medium,35.05
Town,IT,55,25,5.83,1,93.50071312,0.026055597,90.93832586,199,6,0,0,63,High,47.26
City,Finance,59,28,8.77,4,76.13185522,0.231239999,76.31627392,178,13,4,1,95,Medium,40.46
Town,Education,35,33,10.8,1,62.27715395,0.311161037,54.10005308,61,15,9,0,59,Low,29.42
Town,Healthcare,57,9,6.88,3,64.41078357,0.32855086,44.07579876,70,14,12,1,97,Low,29.68
City,Retail,29,18,7.11,1,98.91455065,0.016587792,82.99017279,217,11,10,1,80,High,50.4
Village,Retail,56,21,4.32,4,69.20491922,0.279192888,41.33080583,81,8,8,1,86,Low,29.87
City,IT,40,2,9.12,2,94.11555747,0.015875792,98.45362868,237,7,13,0,72,High,49.27
Town,Finance,51,15,8.59,1,81.27380179,0.240628898,73.99647797,147,17,7,0,76,Medium,40.24
City,Finance,35,28,5.42,3,84.85997978,0.137921337,74.41669768,140,17,2,0,55,Medium,42.42
Village,Retail,41,18,5.02,3,98.78697584,0.035688866,85.9977148,219,12,14,1,75,High,50.97
City,Healthcare,46,34,5.16,2,87.6853643,0.119608977,70.85591542,144,17,2,1,51,Medium,44.74
Town,Education,45,22,8.27,1,69.49750405,0.349079862,47.82464175,68,14,14,0,94,Low,29.75
Village,Healthcare,35,11,8.39,4,77.44924419,0.189457813,75.87815916,127,3,0,0,62,Medium,37.17
Town,Education,47,13,6.39,2,87.97390506,0.204798547,64.88636558,125,16,13,1,99,Medium,42.57
Village,Retail,59,4,8.1,1,68.23347278,0.387627695,45.84915128,78,4,2,0,68,Low,26.6
Village,Education,44,22,7.69,5,64.40699873,0.257852315,57.51102857,102,15,14,1,50,Low,33.29
City,Finance,43,7,7.06,3,98.69690201,0.067589189,99.87270897,222,8,13,0,89,High,50.6
City,IT,40,24,8.66,4,67.17763301,0.351362014,57.84731743,74,9,11,1,81,Low,32.04
Town,IT,24,4,6.05,4,66.52824186,0.379097783,45.13287352,88,17,11,0,71,Low,28.63
City,Retail,40,28,8.88,4,73.03773278,0.309681788,57.63746911,109,16,11,0,97,Low,33.59
City,Finance,30,15,6.63,3,90.50520227,0.066584936,81.43358759,182,17,12,1,78,High,48.25
Village,Healthcare,49,1,9.64,1,94.60326985,0.056646661,82.98769094,236,6,10,1,51,High,47.71
City,Finance,41,3,6.29,2,61.30835478,0.356022917,44.18941457,60,3,0,1,89,Low,26.3
Village,IT,28,14,7.08,1,90.02454586,0.041571131,94.56631021,201,4,7,0,87,High,46.39
Village,IT,35,1,7.57,2,61.31837578,0.290099432,48.28329062,103,15,0,1,97,Low,30.19
Village,Finance,30,21,7.56,4,99.24147949,0.077531575,91.48856966,231,2,4,1,60,High,49.79
Town,Finance,40,29,8.09,1,92.59225487,0.012233858,98.8480573,218,17,8,0,66,High,50.92
Town,IT,35,5,5.96,4,69.98239483,0.256041724,41.20605129,74,13,6,1,92,Low,31.31
Town,Healthcare,59,10,7.46,5,91.68385298,0.076749583,94.98893576,211,14,3,1,57,High,50.62
Village,Retail,57,28,7.67,4,84.16470094,0.220343322,78.77586636,129,16,10,1,71,Medium,44.05
Town,Retail,38,21,6.87,4,81.29080274,0.163343817,64.79866035,153,0,8,0,53,Medium,35.78
Town,Finance,51,7,7.98,2,70.04703821,0.36324681,32.58029054,97,16,8,0,60,Low,27.14
City,Retail,30,3,5.88,5,70.08935014,0.257282564,48.88457694,109,10,1,0,57,Low,30.28
Town,IT,54,20,7.11,4,75.68777651,0.15021153,69.67649082,146,16,9,1,58,Medium,40.4
Town,IT,46,19,6.6,4,82.72845326,0.153606461,78.35388111,121,13,9,0,75,Medium,41.6
Village,Finance,35,4,7.11,5,60.63770218,0.295034067,45.40217325,95,19,10,1,51,Low,30.16
Village,Finance,32,5,9.24,5,95.47811585,0.074329917,84.33886451,223,18,11,1,65,High,50.46
Village,Finance,56,1,9.26,1,77.1828651,0.166277213,69.62105699,164,6,5,1,80,Medium,38.68
Village,Healthcare,35,4,9.02,2,97.18441475,0.039202953,98.09859034,213,12,3,0,55,High,50.87
Village,Retail,51,12,6.95,5,76.47338657,0.21534257,73.08391874,126,17,7,0,70,Medium,38.86
Village,Finance,25,27,8.59,5,97.94552294,0.004001313,86.64619821,182,13,11,1,75,High,51.35
Town,Education,25,23,7.63,3,82.51280466,0.243697308,71.18198795,124,0,10,1,68,Medium,38.6
Village,Education,49,25,7.55,5,85.23883133,0.248399993,65.17840531,139,6,6,0,77,Medium,37.38
Village,IT,29,21,7.41,2,60.64463224,0.30295364,58.11019889,94,7,6,0,57,Low,28.23
City,Retail,23,24,9.61,4,91.04075956,0.078933348,90.64661205,189,17,10,0,63,High,48.13
Town,Finance,43,25,9.14,4,72.56869009,0.327916453,43.53751627,92,8,9,1,73,Low,30.84
Town,Education,37,32,8.39,4,90.30397415,0.043362259,91.39023739,192,0,8,0,97,High,45.02
Town,Retail,50,32,7.3,4,86.41992978,0.160489063,77.77536525,164,16,12,0,93,Medium,43.14
Village,IT,51,5,7.55,3,81.15024581,0.211912323,63.89122897,170,18,4,0,86,Medium,38.68
Village,Healthcare,33,16,8.14,5,69.04753525,0.255212512,55.77764395,112,5,5,1,75,Low,32.36
Village,Retail,56,33,6.87,4,86.69749702,0.159871249,68.51090593,125,2,0,0,80,Medium,38.56
City,Retail,32,21,8.63,1,94.1051664,0.086612875,94.84841024,221,4,5,1,81,High,49.23
Village,Healthcare,42,9,6.39,4,84.50429525,0.184479714,63.08236185,121,1,1,1,99,Medium,38.37
City,Retail,42,6,7.97,5,92.55984954,0.066064789,87.2908394,202,19,5,1,90,High,50.45
Town,IT,26,22,4.75,4,70.73817542,0.391296165,36.26946864,73,3,8,0,51,Low,25.19
Village,IT,41,5,6.84,3,75.28304528,0.200614003,68.91636328,163,9,7,0,74,Medium,36.23
City,Healthcare,58,23,9.99,2,60.19919513,0.367313502,53.55658561,75,9,8,0,93,Low,26.93
City,Finance,24,17,8.74,2,96.09505122,0.036783222,88.31322003,227,10,12,1,51,High,50.22
Village,Education,54,12,9.34,5,96.21384608,0.017848407,95.13767215,229,15,14,0,91,High,50.81
Town,Finance,30,23,6.7,2,69.27811393,0.35081576,37.31365968,74,16,9,1,50,Low,29.97
Town,Retail,30,16,7.62,2,87.63072006,0.10178567,69.47177476,157,15,7,0,85,Medium,42.23
Town,Education,25,3,9.04,1,67.47539166,0.259252044,36.05363059,107,6,2,0,61,Low,26.11
City,Healthcare,56,30,8.26,5,68.76306252,0.312527386,48.05208062,114,15,7,0,58,Low,30.16
City,Healthcare,38,22,8.11,5,99.43633671,0.069346691,98.80802745,231,2,5,0,85,High,49.4
City,Education,55,9,9.46,2,65.21240731,0.292007981,37.93731826,68,15,12,1,90,Low,29.26
City,IT,45,29,6.25,2,60.43101196,0.358570416,56.25859207,112,7,5,1,77,Low,29.24
Town,Education,53,23,7.28,2,95.69066998,0.038258882,86.5166004,198,11,5,1,87,High,49.91
Village,Retail,22,13,5.4,3,61.26926924,0.350086724,38.21853314,68,2,2,1,82,Low,24.95
City,IT,29,32,6.19,4,70.421806,0.37515668,40.19741423,63,16,9,0,91,Low,28.64
City,Healthcare,44,23,8.79,3,96.21629578,0.012822995,85.3036175,215,17,0,1,95,High,51.29
Town,Education,33,17,6.4,5,85.35314326,0.217545745,65.73494328,137,10,11,1,71,Medium,40.63
Village,Finance,33,21,8.38,1,78.18008724,0.158443903,71.52269774,141,3,13,1,74,Medium,38.83
Village,Finance,36,2,9.49,4,99.87975321,0.000808468,88.74978882,235,15,3,0,67,High,50.8
Town,Retail,40,6,7.29,1,78.19663171,0.1037214,67.29170468,172,16,9,1,55,Medium,41.15
Town,Finance,47,18,8.12,5,62.52834691,0.255765009,37.97657898,82,8,11,1,67,Low,27.43
Village,Education,50,30,8.39,5,64.11446116,0.258535222,31.52227333,109,5,5,0,65,Low,24
City,Education,43,22,6.03,1,81.01186302,0.16619317,61.24693191,169,19,10,0,64,Medium,38.76
Village,Finance,42,33,6.76,1,61.42707328,0.324035919,50.19986486,114,1,11,1,97,Low,27.48
Town,Education,59,30,6.3,1,94.23585827,0.070262711,98.85544002,208,8,9,1,57,High,51.03
City,Retail,41,17,6.86,5,83.91058992,0.159082695,65.66922976,120,5,1,0,62,Medium,37.77
City,IT,50,32,8.36,2,91.10586344,0.062773274,83.73492569,226,2,6,1,92,High,45.95
Town,Retail,25,14,6.79,1,81.45961667,0.169413991,70.3321714,154,19,6,0,56,Medium,40.67
Town,Retail,28,10,7.46,4,75.27045765,0.175301894,71.17784762,138,5,10,1,66,Medium,38.12
Town,Education,49,34,6.25,5,96.68365227,0.022817772,86.34744666,232,6,3,1,99,High,49.34
Village,IT,49,9,8.97,3,93.51143691,0.036109964,97.04428413,228,0,3,1,81,High,49.2
Village,Education,25,28,6.85,3,99.7097533,0.098308045,91.59315927,218,0,14,1,71,High,49.34
City,Healthcare,43,11,9.33,4,93.28509054,0.095245126,80.49751764,211,4,0,1,62,High,46.02
Town,Education,33,14,7.57,2,98.29195141,0.039983246,80.68089012,187,5,12,0,96,High,46.3
City,Education,24,19,5.81,1,79.23671199,0.191847008,68.32832274,134,12,1,0,72,Medium,37.97
City,Education,43,15,7.29,5,83.31316443,0.131207432,66.15316684,156,1,8,1,78,Medium,39.18
City,IT,23,28,6.22,1,99.32681902,0.026449287,82.99788591,237,14,9,1,71,High,51.03
City,Education,45,24,8.21,5,85.68284845,0.199653093,64.67092842,146,14,7,1,50,Medium,41.5
Town,IT,55,8,7.19,3,64.20042673,0.292247951,47.5229458,94,12,7,0,78,Low,28.28
City,Finance,48,9,7.7,1,70.71767696,0.26037,34.27356766,105,13,8,0,97,Low,28.11
Town,Healthcare,22,33,7.06,4,73.52108142,0.251235436,55.51189546,85,6,14,0,54,Low,31.88
Town,IT,29,33,6.83,2,90.53413763,0.061512658,80.94797156,231,13,6,0,84,High,45.43
Village,Finance,44,19,6.33,4,69.8996886,0.338150358,39.22024056,99,9,12,0,59,Low,27.27
Town,IT,59,3,8.5,2,92.23938433,0.085314532,85.08070797,220,16,8,0,68,High,47.13
Village,IT,27,10,7.29,1,98.34277899,0.030879203,88.20327538,181,13,9,0,86,High,49.51
Town,Healthcare,43,1,7.12,1,94.32851107,0.019767094,90.96967171,229,7,11,0,56,High,47.79
Town,Retail,46,29,7.26,2,96.45137124,0.028236607,85.9119825,228,3,1,1,95,High,48.53
Town,Retail,39,34,6.69,3,61.99200706,0.356271738,31.96985992,91,15,5,0,84,Low,24.47
Village,IT,38,13,7.13,5,97.36685876,0.029731771,81.17125421,206,12,14,0,94,High,47.63
Village,Education,33,1,7.75,4,99.44835453,0.077960864,92.0420366,194,19,2,0,62,High,51.34
City,Finance,27,34,6.26,4,76.82908364,0.195989603,74.6708943,168,17,10,0,59,Medium,39.49
